Scheme Name,Plan,Category Name,Crisil Rank,AuM (Cr),1W,1M,3M,6M,YTD,1Y,2Y,3Y,5Y,10Y
SBI Nifty 50 ETF,Regular,Index Funds/ETFs,4,155471.40,1%,0%,1%,8%,10%,8%,5%,17%,14%,
SBI S&P BSE Sensex ETF,Regular,Index Funds/ETFs,5,95206.91,1%,1%,1%,6%,9%,7%,5%,16%,15%,14%
HDFC Mid-Cap Opportunities Fund - Direct Plan - Growth,Direct Plan,Mid Cap Fund,5,47846.43,2%,3%,10%,28%,34%,35%,21%,34%,22%,23%
HDFC Mid-Cap Opportunities Fund - Growth,Regular,Mid Cap Fund,5,47846.43,2%,3%,9%,28%,33%,34%,20%,33%,21%,22%
Parag Parikh Flexi Cap Fund - Direct Plan - Growth,Direct Plan,Flexi Cap Fund,-,44037.86,2%,4%,8%,16%,29%,26%,9%,24%,23%,20%
Parag Parikh Flexi Cap Fund - Growth,Regular,Flexi Cap Fund,-,44037.86,2%,4%,8%,16%,28%,25%,8%,23%,22%,19%
UTI Nifty 50 ETF,Regular,Index Funds/ETFs,5,43482.82,1%,0%,1%,8%,10%,8%,5%,17%,14%,
UTI Nifty 50 ETF,Regular,Index Funds/ETFs,5,42363.48,1%,0%,1%,8%,10%,8%,5%,17%,14%,
ICICI Prudential Bluechip Fund - Direct Plan - Growth,Direct Plan,Large Cap Fund,5,41269.16,1%,1%,5%,14%,16%,15%,10%,21%,16%,16%
ICICI Prudential Bluechip Fund - Growth,Regular,Large Cap Fund,5,41269.16,1%,1%,4%,14%,15%,15%,9%,20%,15%,15%
HDFC Flexi Cap Fund - Direct Plan - Growth,Direct Plan,Flexi Cap Fund,5,39395.62,2%,2%,4%,15%,18%,18%,16%,29%,18%,18%
HDFC Flexi Cap Fund - Growth,Regular,Flexi Cap Fund,5,39395.62,2%,1%,4%,14%,17%,17%,15%,29%,17%,17%
Kotak Flexi Cap Fund - Direct Plan - Growth,Direct Plan,Flexi Cap Fund,3,39269.21,1%,0%,4%,11%,14%,13%,8%,18%,15%,18%
Kotak Flexi Cap Fund - Growth,Regular,Flexi Cap Fund,3,39269.21,1%,0%,4%,11%,13%,12%,7%,17%,14%,17%
SBI Blue Chip Fund - Direct Plan - Growth,Direct Plan,Large Cap Fund,4,38597.97,1%,0%,2%,9%,14%,12%,7%,19%,15%,16%
SBI Blue Chip Fund - Regular Plan - Growth,Regular,Large Cap Fund,4,38597.97,1%,0%,2%,8%,13%,11%,6%,18%,14%,15%
Nippon India Small Cap Fund - Direct Plan - Growth,Direct Plan,Small Cap Fund,5,37319.33,2%,2%,10%,29%,37%,39%,23%,44%,27%,30%
Nippon India Small Cap Fund - Growth,Regular,Small Cap Fund,5,37319.33,2%,2%,9%,28%,36%,37%,22%,43%,26%,28%
Mirae Asset Large Cap Fund - Direct Plan - Growth,Direct Plan,Large Cap Fund,2,34376.99,1%,0%,2%,9%,10%,9%,4%,17%,14%,17%
Mirae Asset Large Cap Fund - Regular - Growth,Regular,Large Cap Fund,1,34376.99,1%,0%,1%,8%,9%,8%,3%,15%,13%,16%
Kotak Emerging Equity Fund - Direct Plan - Growth,Direct Plan,Mid Cap Fund,3,33699.92,1%,2%,7%,21%,24%,23%,14%,30%,23%,25%
Kotak Emerging Equity Fund - Growth,Regular,Mid Cap Fund,3,33699.92,1%,2%,7%,20%,23%,22%,12%,29%,21%,23%
UTI S&P BSE Sensex ETF,Regular,Index Funds/ETFs,5,31838.23,1%,1%,1%,6%,9%,7%,5%,16%,15%,
Axis Bluechip Fund - Direct Plan - Growth,Direct Plan,Large Cap Fund,1,30733.59,1%,1%,3%,7%,8%,5%,1%,12%,14%,15%
Axis Bluechip Fund - Growth,Regular,Large Cap Fund,1,30733.59,1%,1%,3%,7%,7%,5%,2%,10%,13%,14%
Mirae Asset Emerging Bluechip Fund - Direct Plan - Growth,Direct Plan,Large & Mid Cap Fund,2,28103.78,1%,0%,5%,16%,18%,17%,7%,22%,19%,24%
Mirae Asset Emerging Bluechip Fund - Growth,Regular,Large & Mid Cap Fund,2,28103.78,1%,0%,4%,16%,17%,16%,6%,21%,18%,23%
HDFC Top 100 Fund - Direct Plan - Growth,Direct Plan,Large Cap Fund,5,25772.59,2%,1%,5%,14%,18%,17%,12%,23%,15%,16%
HDFC Top 100 Fund - Growth,Regular,Large Cap Fund,5,25772.59,2%,1%,5%,13%,17%,16%,11%,22%,14%,15%
CPSE ETF,Regular,Index Funds/ETFs,-,24970.66,4%,6%,20%,33%,49%,48%,37%,47%,17%,
UTI Flexi Cap Fund - Direct Plan - Growth,Direct Plan,Flexi Cap Fund,1,24369.57,1%,0%,2%,10%,11%,6%,3%,14%,15%,16%
UTI Flexi Cap Fund - Growth,Regular,Flexi Cap Fund,1,24369.57,1%,0%,2%,9%,11%,5%,4%,13%,14%,15%
HDFC Small Cap Fund - Direct Plan - Growth,Direct Plan,Small Cap Fund,4,23183.60,2%,1%,9%,25%,36%,39%,21%,40%,22%,22%
HDFC Small Cap Fund - Growth,Regular,Small Cap Fund,4,23183.60,2%,1%,8%,24%,35%,38%,20%,39%,21%,21%
Aditya Birla Sun Life Frontline Equity Fund - Direct Plan - Growth,Direct Plan,Large Cap Fund,3,23003.37,1%,0%,3%,11%,13%,11%,6%,19%,14%,15%
Aditya Birla Sun Life Frontline Equity Fund - Regular Plan - Growth,Regular,Large Cap Fund,4,23003.37,1%,0%,3%,10%,12%,11%,5%,18%,13%,14%
Axis Midcap Fund - Direct Plan - Growth,Direct Plan,Mid Cap Fund,1,21962.26,1%,1%,5%,16%,21%,18%,6%,22%,20%,22%
Axis Midcap Fund - Growth,Regular,Mid Cap Fund,2,21962.26,1%,1%,5%,15%,20%,17%,4%,21%,19%,20%
SBI Small Cap Fund - Direct Plan - Growth,Direct Plan,Small Cap Fund,2,21140.15,1%,0%,5%,17%,20%,20%,13%,31%,24%,28%
SBI Small Cap Fund - Regular Plan - Growth,Regular,Small Cap Fund,2,21140.15,1%,0%,5%,16%,19%,19%,12%,30%,22%,27%
Nippon India Growth Fund - Direct Plan - Growth,Direct Plan,Mid Cap Fund,4,19081.97,2%,4%,11%,28%,34%,34%,16%,33%,23%,21%
Nippon India Growth Fund - Growth,Regular,Mid Cap Fund,4,19081.97,2%,4%,11%,27%,33%,33%,15%,32%,23%,20%
SBI Flexi Cap Fund - Direct Plan - Growth,Direct Plan,Flexi Cap Fund,3,17569.59,1%,0%,3%,10%,14%,13%,5%,19%,15%,18%
SBI Flexi Cap Fund - Regular Plan - Growth,Regular,Flexi Cap Fund,3,17569.59,1%,0%,3%,9%,13%,12%,4%,18%,14%,17%
Canara Robeco Emerging Equities - Direct Plan - Growth,Direct Plan,Large & Mid Cap Fund,1,17563.09,1%,1%,4%,12%,15%,13%,5%,20%,18%,23%
Canara Robeco Emerging Equities - Regular Plan - Growth,Regular,Large & Mid Cap Fund,1,17563.09,1%,1%,4%,11%,14%,12%,4%,19%,16%,22%
Aditya Birla Sun Life Flexi Cap Fund - Direct Plan - Growth,Direct Plan,Flexi Cap Fund,2,17029.06,1%,0%,4%,14%,15%,13%,5%,19%,15%,18%
Aditya Birla Sun Life Flexi Cap Fund - Regular Plan - Growth,Regular,Flexi Cap Fund,3,17029.06,1%,0%,4%,13%,14%,12%,4%,18%,14%,17%
Nippon India Large Cap Fund - Direct Plan - Growth,Direct Plan,Large Cap Fund,5,16637.85,1%,0%,3%,14%,20%,19%,13%,26%,16%,18%
Nippon India Large Cap Fund - Growth,Regular,Large Cap Fund,5,16637.85,1%,0%,3%,13%,20%,18%,12%,25%,15%,17%
Axis Small Cap Fund - Direct Plan - Growth,Direct Plan,Small Cap Fund,3,16369.16,2%,3%,10%,23%,28%,29%,16%,34%,27%,
Axis Small Cap Fund - Growth,Regular,Small Cap Fund,3,16369.16,2%,3%,10%,22%,27%,27%,15%,32%,26%,
Nippon India ETF Nifty 50 BeES,Regular,Index Funds/ETFs,4,16230.45,1%,0%,1%,8%,10%,8%,5%,17%,14%,14%
SBI Large & Midcap Fund - Direct Plan - Growth,Direct Plan,Large & Mid Cap Fund,4,15648.67,1%,1%,3%,13%,16%,15%,10%,26%,18%,18%
SBI Large & Midcap Fund - Regular Plan - Growth,Regular,Large & Mid Cap Fund,4,15648.67,1%,1%,3%,12%,15%,14%,10%,25%,17%,18%
Kotak Equity Opportunities Fund - Direct Plan - Growth,Direct Plan,Large & Mid Cap Fund,4,15260.53,1%,1%,6%,16%,20%,19%,12%,24%,19%,19%
Kotak Equity Opportunities Fund - Growth,Regular,Large & Mid Cap Fund,4,15260.53,1%,0%,5%,15%,19%,18%,11%,22%,18%,17%
DSP Midcap Fund - Direct Plan - Growth,Direct Plan,Mid Cap Fund,1,14463.65,2%,2%,8%,24%,26%,24%,8%,20%,17%,21%
DSP Midcap Fund - Regular Plan - Growth,Regular,Mid Cap Fund,1,14463.65,2%,2%,8%,23%,25%,23%,7%,19%,16%,19%
SBI Magnum Midcap Fund - Direct Plan - Growth,Direct Plan,Mid Cap Fund,4,13202.34,1%,1%,8%,17%,26%,24%,13%,33%,22%,22%
SBI Magnum Midcap Fund - Regular Plan - Growth,Regular,Mid Cap Fund,4,13202.34,1%,1%,8%,17%,25%,23%,12%,32%,21%,21%
UTI Nifty 50 Index Fund - Direct Plan - Growth,Direct Plan,Index Funds/ETFs,4,12597.69,1%,0%,1%,8%,10%,8%,5%,17%,14%,14%
UTI Nifty 50 Index Fund - Growth,Regular,Index Funds/ETFs,4,12597.69,1%,0%,1%,8%,9%,8%,5%,17%,14%,13%
Kotak Small Cap Fund - Direct Plan - Growth,Direct Plan,Small Cap Fund,3,12162.88,1%,1%,5%,20%,25%,24%,10%,35%,26%,24%
Kotak Small Cap Fund - Growth,Regular,Small Cap Fund,3,12162.88,1%,1%,5%,19%,24%,22%,9%,33%,24%,23%
ICICI Prudential Flexicap Fund - Regular Plan - Growth,Regular,Flexi Cap Fund,-,12009.31,1%,1%,7%,14%,17%,15%,11%,,,
ICICI Prudential Flexicap Fund - Direct Plan - Growth,Direct Plan,Flexi Cap Fund,-,12009.31,1%,1%,7%,15%,18%,17%,13%,,,
Franklin India Flexi Cap Fund - Direct - Growth,Direct Plan,Flexi Cap Fund,4,11940.27,1%,1%,6%,18%,19%,18%,10%,26%,17%,18%
Franklin India Flexi Cap Fund - Growth,Regular,Flexi Cap Fund,4,11940.27,1%,1%,6%,18%,19%,17%,9%,25%,17%,17%
BHARAT 22 ETF,Regular,Index Funds/ETFs,-,11892.64,3%,3%,13%,24%,37%,40%,29%,41%,17%,
HDFC Large and Mid Cap Fund - Direct Plan - Growth,Direct Plan,Large & Mid Cap Fund,5,11883.08,2%,2%,7%,21%,25%,24%,14%,30%,19%,14%
HDFC Large and Mid Cap Fund - Regular - Growth,Regular,Large & Mid Cap Fund,5,11883.08,2%,2%,6%,20%,24%,23%,13%,29%,18%,14%
DSP Small Cap Fund - Direct Plan - Growth,Direct Plan,Small Cap Fund,3,11837.10,2%,1%,8%,27%,32%,34%,17%,34%,24%,26%
DSP Small Cap Fund - Regular Plan - Growth,Regular,Small Cap Fund,3,11837.10,2%,1%,8%,27%,31%,32%,16%,33%,23%,25%
Mirae Asset Midcap Fund - Direct Plan - Growth,Direct Plan,Mid Cap Fund,4,11783.59,2%,0%,6%,23%,23%,23%,12%,30%,,
Mirae Asset Midcap Fund - Regular Plan - Growth,Regular,Mid Cap Fund,4,11783.59,2%,0%,6%,23%,22%,21%,10%,28%,,
HSBC Small Cap Fund - Direct Plan - Growth,Direct Plan,Small Cap Fund,4,11551.58,3%,3%,13%,28%,38%,38%,20%,42%,23%,
HSBC Small Cap Fund - Growth,Regular,Small Cap Fund,4,11551.58,2%,3%,12%,27%,37%,37%,19%,41%,22%,
UTI Large Cap Fund - Direct Plan - Growth,Direct Plan,Large Cap Fund,2,11077.63,1%,0%,3%,11%,12%,9%,3%,17%,15%,15%
UTI Large Cap Fund - Growth,Regular,Large Cap Fund,2,11077.63,1%,0%,3%,10%,11%,8%,2%,16%,13%,14%
Axis Flexi Cap Fund - Direct Plan - Growth,Direct Plan,Flexi Cap Fund,1,10604.83,1%,0%,4%,10%,11%,8%,0%,14%,15%,
Axis Flexi Cap Fund - Growth,Regular,Flexi Cap Fund,1,10604.83,1%,0%,3%,10%,10%,7%,1%,13%,13%,
Canara Robeco Bluechip Equity Fund - Direct Plan - Growth,Direct Plan,Large Cap Fund,3,10182.11,1%,0%,3%,9%,13%,11%,5%,17%,17%,16%
Canara Robeco Bluechip Equity Fund - Regular Plan - Growth,Regular,Large Cap Fund,3,10182.11,1%,0%,2%,8%,11%,10%,4%,15%,15%,14%
Canara Robeco Flexi Cap Fund - Direct Plan - Growth,Direct Plan,Flexi Cap Fund,2,10083.64,1%,1%,4%,10%,13%,12%,5%,18%,17%,16%
Canara Robeco Flexi Cap Fund - Regular Plan - Growth,Regular,Flexi Cap Fund,2,10083.64,1%,1%,3%,9%,12%,10%,3%,17%,15%,15%
HDFC Index Fund - Direct Plan - Nifty 50 Plan,Direct Plan,Index Funds/ETFs,3,9809.26,1%,0%,1%,8%,10%,8%,5%,17%,14%,14%
HDFC Index Fund - Nifty 50 Plan,Regular,Index Funds/ETFs,3,9809.26,1%,0%,1%,8%,9%,8%,5%,16%,14%,13%
Franklin India Smaller Companies Fund - Direct - Growth,Direct Plan,Small Cap Fund,5,9683.62,3%,4%,13%,30%,41%,43%,20%,39%,22%,24%
Franklin India Smaller Companies Fund - Growth,Regular,Small Cap Fund,5,9683.62,3%,4%,13%,29%,40%,42%,19%,38%,21%,22%
Axis Growth Opportunities Fund - Direct Plan - Growth,Direct Plan,Large & Mid Cap Fund,-,9621.81,1%,1%,6%,17%,24%,21%,6%,23%,21%,
Axis Growth Opportunities Fund - Growth,Regular,Large & Mid Cap Fund,-,9621.81,1%,1%,6%,16%,22%,20%,5%,21%,19%,
Quant Small Cap Fund - Direct Plan - Growth,Direct Plan,Small Cap Fund,3,9520.77,3%,2%,9%,26%,32%,38%,20%,47%,31%,19%
Quant Small Cap Fund - Growth,Regular,Small Cap Fund,3,9520.77,3%,2%,8%,25%,31%,36%,18%,44%,29%,18%
PGIM India Midcap Opportunities Fund - Direct Plan - Growth,Direct Plan,Mid Cap Fund,2,9101.52,1%,1%,5%,14%,15%,13%,6%,30%,25%,
PGIM India Midcap Opportunities Fund - Growth,Regular,Mid Cap Fund,1,9101.52,1%,1%,5%,13%,13%,11%,5%,27%,23%,
DSP Flexi Cap Fund - Direct Plan - Growth,Direct Plan,Flexi Cap Fund,3,8855.79,2%,0%,6%,16%,21%,20%,6%,20%,18%,18%
DSP Flexi Cap Fund - Regular Plan - Growth,Regular,Flexi Cap Fund,3,8855.79,2%,0%,5%,15%,20%,18%,5%,19%,17%,17%
DSP Equity Opportunities Fund - Direct Plan - Growth,Direct Plan,Large & Mid Cap Fund,3,8849.88,2%,2%,6%,18%,20%,20%,9%,23%,17%,18%
DSP Equity Opportunities Fund - Regular Plan - Growth,Regular,Large & Mid Cap Fund,3,8849.88,2%,2%,6%,17%,19%,18%,8%,22%,16%,17%
ICICI Prudential Large & Mid Cap Fund- Direct Plan - Growth,Direct Plan,Large & Mid Cap Fund,5,8847.08,1%,1%,5%,16%,19%,18%,12%,29%,18%,17%
ICICI Prudential Large & Mid Cap Fund- Growth,Regular,Large & Mid Cap Fund,5,8847.08,1%,1%,5%,15%,18%,17%,12%,28%,17%,16%
UTI Mid Cap Fund - Direct Plan - Growth,Direct Plan,Mid Cap Fund,2,8735.47,1%,1%,5%,21%,23%,21%,9%,26%,20%,22%
UTI Mid Cap Fund - Growth,Regular,Mid Cap Fund,3,8735.47,1%,1%,5%,20%,22%,20%,8%,25%,18%,21%
Nippon India ETF Gold BeES,Regular,Index Funds/ETFs,-,8552.95,0%,4%,3%,1%,8%,12%,10%,5%,13%,7%
Franklin India Prima Fund - Direct - Growth,Direct Plan,Mid Cap Fund,2,8499.43,2%,2%,8%,22%,25%,24%,10%,24%,17%,20%
Franklin India Prima Fund - Growth,Regular,Mid Cap Fund,2,8499.43,2%,2%,8%,21%,24%,23%,9%,23%,16%,19%
Sundaram Mid Cap Fund - Direct Plan - Growth,Direct Plan,Mid Cap Fund,3,8477.71,2%,3%,10%,25%,28%,28%,14%,29%,17%,20%
Sundaram Mid Cap Fund - Growth,Regular,Mid Cap Fund,3,8477.71,2%,3%,10%,25%,28%,26%,13%,27%,16%,19%
ICICI Prudential Nifty 50 ETF,Regular,Index Funds/ETFs,5,8333.10,1%,0%,1%,8%,10%,8%,5%,17%,14%,14%
Motilal Oswal Flexi Cap Fund - Direct Plan - Growth,Direct Plan,Flexi Cap Fund,2,8108.78,1%,3%,11%,22%,23%,19%,8%,15%,12%,
Motilal Oswal Flexi Cap Fund - Growth,Regular,Flexi Cap Fund,2,8108.78,1%,3%,11%,22%,22%,18%,7%,14%,11%,
HSBC Mid Cap Fund - Direct Plan - Growth,Direct Plan,Mid Cap Fund,3,8007.73,2%,4%,11%,27%,29%,30%,12%,25%,17%,22%
HSBC Mid Cap Fund - Regular Plan - Growth,Regular,Mid Cap Fund,3,8007.73,2%,4%,11%,26%,28%,28%,11%,23%,15%,21%
Canara Robeco Small Cap Fund - Direct Plan - Growth,Direct Plan,Small Cap Fund,2,7862.59,2%,2%,9%,22%,25%,26%,16%,38%,,
Canara Robeco Small Cap Fund - Regular Plan - Growth,Regular,Small Cap Fund,2,7862.59,2%,2%,8%,21%,23%,24%,15%,36%,,
Franklin India Bluechip Fund - Direct - Growth,Direct Plan,Large Cap Fund,2,6665.66,1%,1%,2%,9%,12%,10%,3%,17%,13%,13%
Franklin India Bluechip Fund - Growth,Regular,Large Cap Fund,2,6665.66,1%,1%,2%,9%,11%,9%,2%,16%,12%,13%
Kotak Bluechip Fund - Direct Plan - Growth,Direct Plan,Large Cap Fund,3,6405.55,1%,0%,3%,10%,13%,12%,6%,18%,16%,16%
Kotak Bluechip Fund - Growth,Regular,Large Cap Fund,3,6405.55,1%,0%,2%,9%,12%,10%,4%,17%,15%,14%
Tata Small Cap Fund - Direct Plan - Growth,Direct Plan,Small Cap Fund,4,6146.73,2%,1%,8%,22%,27%,31%,18%,40%,27%,
Tata Small Cap Fund - Regular Plan - Growth,Regular,Small Cap Fund,4,6146.73,2%,1%,8%,21%,26%,29%,16%,37%,25%,
Motilal Oswal Midcap Fund - Direct Plan - Growth,Direct Plan,Mid Cap Fund,5,6059.92,1%,3%,10%,25%,31%,29%,20%,37%,24%,
Motilal Oswal Midcap Fund - Growth,Regular,Mid Cap Fund,5,6059.92,1%,3%,10%,24%,29%,28%,19%,35%,23%,
Motilal Oswal Nasdaq 100 ETF (MOFN100),Regular,Index Funds/ETFs,-,6042.57,3%,5%,4%,20%,45%,38%,4%,14%,22%,20%
ICICI Prudential Smallcap Fund - Direct Plan - Growth,Direct Plan,Small Cap Fund,4,6002.84,2%,1%,8%,22%,29%,29%,16%,38%,26%,19%
ICICI Prudential Smallcap Fund - Regular Plan - Growth,Regular,Small Cap Fund,4,6002.84,2%,1%,7%,22%,27%,27%,14%,36%,24%,18%
Bandhan Flexi Cap Fund - Direct Plan - Growth,Direct Plan,Flexi Cap Fund,3,5967.14,2%,0%,6%,15%,15%,13%,6%,19%,13%,16%
Bandhan Flexi Cap Fund - Regular Plan - Growth,Regular,Flexi Cap Fund,3,5967.14,2%,0%,6%,14%,14%,12%,5%,18%,12%,15%
PGIM India Flexi Cap Fund - Direct Plan - Growth,Direct Plan,Flexi Cap Fund,2,5633.11,1%,1%,2%,9%,12%,10%,2%,21%,20%,
PGIM India Flexi Cap Fund - Growth,Regular,Flexi Cap Fund,2,5633.11,1%,1%,2%,8%,11%,9%,0%,19%,18%,
HDFC Index Fund - S&P BSE Sensex Plan - Direct Plan,Direct Plan,Index Funds/ETFs,4,5493.12,1%,1%,1%,6%,9%,7%,5%,16%,14%,13%
HDFC Index Fund - S&P BSE Sensex Plan (Post Addendum),Regular,Index Funds/ETFs,3,5493.12,1%,1%,1%,6%,9%,7%,5%,16%,14%,13%
Sundaram Large and Mid Cap Fund - Direct Plan - Growth,Direct Plan,Large & Mid Cap Fund,2,5313.08,2%,2%,5%,14%,17%,15%,7%,23%,16%,18%
Sundaram Large and Mid Cap Fund - Growth,Regular,Large & Mid Cap Fund,2,5313.08,2%,2%,5%,14%,15%,14%,5%,21%,15%,17%
ICICI Prudential Nifty 50 Index Fund - Direct Plan - Growth,Direct Plan,Index Funds/ETFs,3,5310.26,1%,0%,1%,8%,10%,8%,5%,17%,14%,13%
ICICI Prudential Nifty 50 Index Fund - Growth,Regular,Index Funds/ETFs,3,5310.26,1%,0%,1%,8%,9%,8%,5%,16%,14%,13%
Tata Large & Mid Cap Fund - Direct Plan - Appreciation,Direct Plan,Large & Mid Cap Fund,3,5248.36,1%,0%,2%,11%,14%,14%,12%,22%,18%,17%
Tata Large & Mid Cap Fund - Regular Plan - Growth,Regular,Large & Mid Cap Fund,3,5248.36,1%,0%,2%,11%,13%,13%,10%,21%,17%,16%
SBI Nifty Index Fund - Direct Plan - Growth,Direct Plan,Index Funds/ETFs,3,5088.94,1%,0%,1%,8%,10%,8%,5%,17%,14%,13%
SBI Nifty Index Fund - Regular Plan - Growth,Regular,Index Funds/ETFs,3,5088.94,1%,0%,1%,8%,9%,7%,5%,16%,14%,13%
Aditya Birla Sun Life Equity Advantage Fund - Direct Plan - Growth,Direct Plan,Large & Mid Cap Fund,1,4980.66,1%,0%,4%,14%,17%,14%,0%,17%,14%,17%
Aditya Birla Sun Life Equity Advantage Fund - Regular Plan - Growth,Regular,Large & Mid Cap Fund,1,4980.66,1%,0%,4%,14%,16%,13%,1%,16%,13%,16%
Nippon India Flexi Cap Fund - Direct Plan - Growth,Direct Plan,Flexi Cap Fund,-,4844.70,2%,2%,6%,19%,23%,22%,10%,,,
Nippon India Flexi Cap Fund - Regular Plan - Growth,Regular,Flexi Cap Fund,-,4844.70,2%,2%,6%,18%,22%,20%,8%,,,
Aditya Birla Sun Life Small cap Fund - Direct Plan - Growth,Direct Plan,Small Cap Fund,1,4579.81,2%,2%,8%,25%,33%,33%,11%,30%,16%,20%
Aditya Birla Sun Life Small cap Fund - Regular Plan - Growth,Regular,Small Cap Fund,1,4579.81,2%,2%,8%,25%,31%,31%,10%,29%,15%,18%
ICICI Prudential MidCap Fund - Direct Plan - Growth,Direct Plan,Mid Cap Fund,2,4252.41,2%,2%,8%,19%,19%,18%,9%,28%,18%,21%
ICICI Prudential MidCap Fund - Growth,Regular,Mid Cap Fund,2,4252.41,2%,2%,8%,19%,18%,17%,8%,27%,17%,20%
Aditya Birla Sun Life Midcap Fund - Direct Plan - Growth,Direct Plan,Mid Cap Fund,3,4252.01,2%,1%,8%,23%,28%,24%,9%,28%,17%,19%
Aditya Birla Sun Life Midcap Fund - Regular Plan - Growth,Regular,Mid Cap Fund,3,4252.01,2%,1%,8%,22%,27%,23%,8%,27%,15%,18%
SBI Nifty Bank ETF,Regular,Index Funds/ETFs,-,4109.36,1%,0%,0%,1%,4%,5%,8%,16%,11%,
ICICI Prudential Gold ETF,Regular,Index Funds/ETFs,-,4070.30,0%,4%,3%,1%,9%,12%,10%,5%,13%,7%
Invesco India Growth Opportunities Fund - Direct Plan - Growth,Direct Plan,Large & Mid Cap Fund,2,4033.67,2%,4%,9%,20%,22%,21%,10%,21%,16%,18%
Invesco India Growth Opportunities Fund - Growth,Regular,Large & Mid Cap Fund,2,4033.67,2%,4%,9%,19%,21%,20%,9%,20%,15%,16%
HDFC Gold Exchange Traded Fund,Regular,Index Funds/ETFs,-,3999.78,0%,4%,3%,2%,8%,12%,10%,5%,13%,7%
ICICI Prudential Nifty Bank ETF,Regular,Index Funds/ETFs,-,3997.77,1%,0%,0%,1%,4%,5%,8%,16%,,
Edelweiss Mid Cap Fund - Direct Plan - Growth,Direct Plan,Mid Cap Fund,3,3792.81,3%,5%,11%,23%,28%,26%,14%,31%,23%,24%
Edelweiss Mid Cap Fund - Regular Plan - Growth,Regular,Mid Cap Fund,3,3792.81,3%,4%,10%,22%,27%,24%,12%,30%,21%,22%
Motilal Oswal Nasdaq 100 ETF (MOSt Shares NASDAQ 100),Regular,Index Funds/ETFs,-,3785.63,3%,5%,4%,20%,45%,38%,4%,14%,22%,20%
HSBC Flexi Cap Fund - Direct Plan - Growth,Direct Plan,Flexi Cap Fund,4,3504.18,2%,1%,6%,16%,21%,19%,8%,20%,15%,16%
HSBC Flexi Cap Fund - Growth,Regular,Flexi Cap Fund,4,3504.18,2%,1%,6%,16%,20%,18%,7%,19%,14%,15%
Nippon India Vision Fund - Direct Plan - Growth,Direct Plan,Large & Mid Cap Fund,3,3471.73,2%,1%,5%,15%,20%,19%,9%,22%,15%,16%
Nippon India Vision Fund - Growth,Regular,Large & Mid Cap Fund,3,3471.73,2%,1%,5%,15%,19%,18%,8%,22%,14%,15%
SBI Gold ETF,Regular,Index Funds/ETFs,-,3422.74,0%,5%,3%,1%,9%,13%,10%,5%,13%,7%
Invesco India Mid Cap Fund - Direct Plan - Growth,Direct Plan,Mid Cap Fund,3,3418.23,1%,3%,8%,21%,25%,25%,12%,27%,20%,23%
Invesco India Mid Cap Fund - Growth,Regular,Mid Cap Fund,2,3418.23,1%,2%,8%,20%,24%,23%,10%,25%,19%,21%
Quant Mid Cap Fund - Direct Plan - Growth,Direct Plan,Mid Cap Fund,4,3267.99,1%,1%,10%,27%,24%,28%,21%,39%,27%,19%
Quant Mid Cap Fund - Growth,Regular,Mid Cap Fund,4,3267.99,1%,1%,10%,27%,23%,25%,18%,36%,25%,18%
Nippon India ETF Nifty Next 50 Junior BeES,Regular,Index Funds/ETFs,-,3207.81,1%,3%,6%,14%,11%,7%,3%,17%,12%,15%
Kotak Gold ETF Fund,Regular,Index Funds/ETFs,-,3202.56,0%,4%,3%,1%,8%,12%,10%,5%,13%,7%
UTI Small Cap Fund - Direct Plan - Growth,Direct Plan,Small Cap Fund,-,3139.10,2%,3%,10%,24%,28%,27%,15%,,,
UTI Small Cap Fund - Regular Plan - Growth,Regular,Small Cap Fund,-,3139.10,2%,2%,9%,23%,26%,25%,13%,,,
ICICI Prudential S&P BSE Sensex ETF,Regular,Index Funds/ETFs,4,3023.09,1%,1%,1%,7%,9%,8%,5%,16%,15%,14%
ICICI Prudential Nifty Bank ETF,Regular,Index Funds/ETFs,-,3016.57,1%,0%,0%,1%,4%,5%,8%,16%,,
Sundaram Large Cap Fund - Direct Plan - Growth,Direct Plan,Large Cap Fund,3,2993.56,1%,0%,3%,11%,12%,11%,6%,19%,,
Sundaram Large Cap Fund - Regular Plan - Growth,Regular,Large Cap Fund,3,2993.56,1%,0%,2%,10%,11%,9%,5%,17%,,
ICICI Prudential Nifty Next 50 Index Fund - Direct Plan - Growth,Direct Plan,Index Funds/ETFs,-,2990.67,1%,3%,6%,14%,10%,7%,3%,17%,12%,15%
ICICI Prudential Nifty Next 50 Index Fund - Growth,Regular,Index Funds/ETFs,-,2990.67,1%,3%,5%,13%,10%,7%,2%,16%,11%,14%
UTI Nifty Bank ETF,Regular,Index Funds/ETFs,-,2950.21,1%,0%,0%,1%,4%,5%,8%,16%,,
DSP Top 100 Equity Fund - Direct Plan - Growth,Direct Plan,Large Cap Fund,3,2944.20,1%,2%,3%,12%,17%,15%,7%,16%,13%,13%
DSP Top 100 Equity Fund - Regular Plan - Growth,Regular,Large Cap Fund,3,2944.20,1%,2%,3%,12%,16%,14%,6%,15%,12%,12%
Bandhan Core Equity Fund - Direct Plan - Growth,Direct Plan,Large & Mid Cap Fund,4,2889.52,2%,2%,8%,22%,24%,24%,14%,26%,18%,17%
Bandhan Core Equity Fund - Regular Plan - Growth,Regular,Large & Mid Cap Fund,4,2889.52,2%,2%,7%,21%,23%,22%,13%,25%,16%,15%
Invesco India Smallcap Fund - Direct - Growth,Direct Plan,Small Cap Fund,2,2869.24,3%,7%,15%,31%,37%,38%,18%,39%,26%,
Invesco India Smallcap Fund - Growth,Regular,Small Cap Fund,2,2869.24,3%,7%,14%,30%,36%,36%,16%,37%,24%,
Franklin India Equity Advantage Fund - Direct - Growth,Direct Plan,Large & Mid Cap Fund,1,2775.96,1%,1%,3%,14%,16%,15%,4%,21%,14%,15%
Franklin India Equity Advantage Fund - Growth,Regular,Large & Mid Cap Fund,1,2775.96,1%,1%,3%,13%,15%,14%,3%,20%,13%,14%
SBI Nifty 10yr Benchmark G-sec ETF,Regular,Index Funds/ETFs,-,2724.96,0%,1%,1%,2%,7%,7%,3%,3%,6%,
UTI Nifty200 Momentum 30 Index Fund - Direct Plan - Growth,Direct Plan,Index Funds/ETFs,-,2657.81,3%,4%,11%,22%,24%,20%,7%,,,
UTI Nifty200 Momentum 30 Index Fund - Regular Plan - Growth,Regular,Index Funds/ETFs,-,2657.81,3%,4%,11%,22%,24%,20%,6%,,,
Motilal Oswal S&P 500 Index Fund - Direct Plan Growth,Direct Plan,Index Funds/ETFs,-,2654.27,3%,4%,0%,11%,18%,18%,4%,13%,,
Motilal Oswal S&P 500 Index Fund - Regular Plan Growth,Regular,Index Funds/ETFs,-,2654.27,3%,4%,0%,10%,18%,17%,4%,12%,,
HDFC Nifty 50 ETF,Regular,Index Funds/ETFs,4,2634.43,1%,0%,1%,8%,10%,8%,5%,17%,14%,
Kotak Gold ETF Fund,Regular,Index Funds/ETFs,-,2627.22,0%,4%,3%,1%,8%,12%,10%,5%,13%,7%
Sundaram Small Cap Fund - Direct Plan - Growth,Direct Plan,Small Cap Fund,3,2626.73,3%,3%,11%,28%,35%,35%,16%,36%,22%,22%
Sundaram Small Cap Fund - Growth,Regular,Small Cap Fund,3,2626.73,3%,3%,11%,27%,34%,34%,15%,35%,21%,21%
Nippon India ETF S&P BSE Sensex,Regular,Index Funds/ETFs,3,2601.50,1%,1%,1%,7%,9%,8%,5%,16%,15%,
Aditya Birla Sun Life Nifty Bank ETF,Regular,Index Funds/ETFs,-,2540.10,1%,0%,0%,1%,4%,5%,8%,16%,,
Tata Mid Cap Growth Fund - Direct Plan - Growth,Direct Plan,Mid Cap Fund,3,2521.49,2%,2%,8%,26%,31%,30%,14%,28%,22%,22%
Tata Mid Cap Growth Fund - Regular Plan - Growth,Regular,Mid Cap Fund,3,2521.49,2%,2%,7%,25%,30%,28%,12%,27%,20%,21%
UTI Nifty Next 50 Index Fund - Direct Plan - Growth,Direct Plan,Index Funds/ETFs,-,2478.17,1%,3%,6%,14%,10%,7%,3%,17%,12%,
UTI Nifty Next 50 Index Fund - Growth,Regular,Index Funds/ETFs,-,2478.17,1%,3%,5%,13%,10%,7%,2%,17%,11%,
Edelweiss Small Cap Fund - Direct Plan - Growth,Direct Plan,Small Cap Fund,3,2473.18,2%,4%,11%,27%,34%,34%,18%,39%,,
Edelweiss Small Cap Fund - Regular Plan - Growth,Regular,Small Cap Fund,3,2473.18,2%,4%,10%,26%,32%,32%,17%,36%,,
SBI - ETF Gold,Regular,Index Funds/ETFs,-,2468.54,0%,5%,3%,1%,9%,13%,10%,5%,13%,7%
Kotak Nifty SDL Apr 2032 Top 12 Equal Weight Index Fund - Direct Plan - Growth,Direct Plan,Index Funds/ETFs,-,2467.12,0%,1%,1%,2%,6%,8%,,,,
Kotak Nifty SDL Apr 2032 Top 12 Equal Weight Index Fund - Regular Plan - Growth,Regular,Index Funds/ETFs,-,2467.12,0%,1%,1%,2%,6%,8%,,,,
Motilal Oswal Large and Midcap Fund - Direct Plan - Growth,Direct Plan,Large & Mid Cap Fund,5,2390.37,1%,2%,10%,22%,28%,30%,13%,28%,,
Motilal Oswal Large and Midcap Fund - Regular Plan - Growth,Regular,Large & Mid Cap Fund,4,2390.37,1%,2%,9%,21%,26%,28%,12%,26%,,
WhiteOak Capital Flexi Cap Fund - Direct Plan - Growth,Direct Plan,Flexi Cap Fund,-,2374.57,1%,1%,6%,19%,22%,20%,,,,
WhiteOak Capital Flexi Cap Fund - Regular Plan - Growth,Regular,Flexi Cap Fund,-,2374.57,1%,1%,5%,18%,20%,18%,,,,
Tata Flexi Cap Fund - Direct Plan - Growth,Direct Plan,Flexi Cap Fund,3,2355.37,2%,1%,6%,17%,19%,18%,6%,18%,15%,
Tata Flexi Cap Fund - Growth,Regular,Flexi Cap Fund,3,2355.37,2%,1%,5%,16%,18%,16%,5%,16%,13%,
HSBC Large & Midcap Fund - Direct Plan - Growth,Direct Plan,Large & Mid Cap Fund,3,2301.63,1%,1%,7%,17%,23%,21%,9%,22%,,
HSBC Large & Midcap Fund - Growth,Regular,Large & Mid Cap Fund,3,2301.63,1%,1%,7%,17%,22%,19%,7%,20%,,
HDFC Gold Exchange Traded Fund,Regular,Index Funds/ETFs,-,2287.29,0%,4%,3%,2%,8%,12%,10%,5%,13%,7%
Mahindra Manulife Small Cap Fund - Direct Plan - Growth,Direct Plan,Small Cap Fund,-,2240.37,3%,4%,14%,36%,46%,,,,,
Mahindra Manulife Small Cap Fund - Regular Plan - Growth,Regular,Small Cap Fund,-,2240.37,3%,4%,13%,35%,44%,,,,,
Bandhan Emerging Businesses Fund - Direct Plan - Growth,Direct Plan,Small Cap Fund,3,2228.49,3%,3%,14%,35%,40%,42%,16%,34%,,
Bandhan Emerging Businesses Fund - Regular Plan - Growth,Regular,Small Cap Fund,3,2228.49,3%,3%,14%,34%,38%,40%,14%,31%,,
Edelweiss Large and Mid Cap Fund - Direct Plan - Growth,Direct Plan,Large & Mid Cap Fund,3,2220.88,2%,2%,6%,17%,21%,18%,10%,24%,19%,18%
Edelweiss Large and Mid Cap Fund - Regular Plan - Growth,Regular,Large & Mid Cap Fund,3,2220.88,2%,2%,6%,16%,19%,16%,8%,22%,17%,16%
LIC MF Large & Mid Cap Fund - Direct Plan - Growth,Direct Plan,Large & Mid Cap Fund,2,2188.25,2%,1%,7%,16%,17%,14%,6%,20%,17%,
LIC MF Large & Mid Cap Fund - Growth,Regular,Large & Mid Cap Fund,2,2188.25,2%,1%,6%,16%,16%,13%,5%,18%,15%,
HDFC Nifty Bank ETF,Regular,Index Funds/ETFs,-,2168.35,1%,0%,0%,1%,4%,5%,8%,16%,,
Quant Flexi Cap Fund - Direct Plan - Growth,Direct Plan,Flexi Cap Fund,-,2162.68,2%,2%,6%,17%,16%,16%,12%,34%,25%,24%
Quant Flexi Cap Fund - Growth,Regular,Flexi Cap Fund,-,2162.68,2%,2%,6%,16%,14%,14%,11%,33%,24%,23%
SBI Crisil IBX Gilt Index - June 2036 Fund - Direct Plan - Growth,Direct Plan,Index Funds/ETFs,-,2132.96,0%,1%,1%,1%,7%,8%,,,,
SBI Crisil IBX Gilt Index - June 2036 Fund - Regular Plan - Growth,Regular,Index Funds/ETFs,-,2132.96,0%,1%,1%,1%,7%,8%,,,,
ICICI Prudential Nifty 100 Low Volatility 30 ETF,Regular,Index Funds/ETFs,-,2065.85,1%,2%,3%,12%,17%,15%,8%,17%,14%,
Sundaram Flexi Cap Fund - Direct Plan - Growth,Direct Plan,Flexi Cap Fund,-,1980.40,1%,1%,4%,13%,16%,15%,,,,
Sundaram Flexi Cap Fund - Regular Plan - Growth,Regular,Flexi Cap Fund,-,1980.40,1%,0%,3%,12%,14%,13%,,,,
UTI Large & Mid Cap Fund - Direct Plan - Growth,Direct Plan,Large & Mid Cap Fund,4,1979.89,1%,1%,6%,19%,23%,22%,11%,27%,17%,15%
UTI Large & Mid Cap Fund - Growth,Regular,Large & Mid Cap Fund,5,1979.89,1%,1%,5%,19%,23%,21%,10%,26%,16%,15%
ICICI Prudential Nifty Private Banks ETF,Regular,Index Funds/ETFs,-,1902.54,1%,0%,1%,4%,6%,7%,8%,14%,,
Kotak Gold ETF Fund,Regular,Index Funds/ETFs,-,1857.65,0%,4%,3%,1%,8%,12%,10%,5%,13%,7%
Nippon India ETF Nifty IT,Regular,Index Funds/ETFs,-,1768.53,2%,1%,2%,13%,12%,7%,6%,15%,,
Aditya Birla Sun Life Nifty 50 ETF,Regular,Index Funds/ETFs,4,1756.09,1%,0%,1%,8%,10%,8%,5%,17%,14%,14%
ICICI Prudential Nifty SDL Sep 2027 Index Fund - Direct Plan - Growth,Direct Plan,Index Funds/ETFs,-,1720.05,0%,1%,1%,3%,6%,7%,,,,
ICICI Prudential Nifty SDL Sep 2027 Index Fund - Regular Plan - Growth,Regular,Index Funds/ETFs,-,1720.05,0%,1%,1%,3%,6%,7%,,,,
Mirae Asset Nifty 50 ETF (MAN50ETF),Regular,Index Funds/ETFs,4,1668.01,1%,0%,1%,8%,10%,8%,5%,17%,,
Bajaj Finserv Flexi Cap Fund - Direct Plan - Growth,Direct Plan,Flexi Cap Fund,-,1663.01,1%,2%,4%,,,,,,,
Bajaj Finserv Flexi Cap Fund - Regular Plan - Growth,Regular,Flexi Cap Fund,-,1663.01,1%,2%,4%,,,,,,,
PGIM India Small Cap Fund - Direct Plan - Growth,Direct Plan,Small Cap Fund,-,1653.75,2%,3%,9%,22%,19%,16%,7%,,,
PGIM India Small Cap Fund - Regular Plan - Growth,Regular,Small Cap Fund,-,1653.75,2%,3%,8%,21%,17%,14%,6%,,,
ITI Small Cap Fund - Direct Plan - Growth,Direct Plan,Small Cap Fund,1,1647.13,3%,5%,15%,33%,40%,41%,12%,29%,,
ITI Small Cap Fund - Regular Plan - Growth,Regular,Small Cap Fund,1,1647.13,3%,5%,14%,32%,38%,39%,10%,26%,,
Union Flexi Cap Fund - Direct Plan - Growth,Direct Plan,Flexi Cap Fund,4,1621.04,2%,2%,6%,17%,19%,18%,7%,22%,18%,15%
Union Flexi Cap Fund - Growth,Regular,Flexi Cap Fund,4,1621.04,2%,2%,6%,16%,18%,16%,6%,21%,17%,14%
Canara Robeco Mid Cap Fund - Direct Plan - Growth,Direct Plan,Mid Cap Fund,-,1613.10,1%,2%,7%,20%,24%,,,,,
Canara Robeco Mid Cap Fund - Regular Plan - Growth,Regular,Mid Cap Fund,-,1613.10,1%,2%,7%,19%,22%,,,,,
Tata Large Cap Fund - Direct Plan - Growth,Direct Plan,Large Cap Fund,3,1581.98,2%,0%,2%,10%,12%,11%,6%,20%,15%,14%
Tata Large Cap Fund - Regular Plan - Growth,Regular,Large Cap Fund,4,1581.98,2%,0%,2%,9%,11%,10%,5%,19%,14%,13%
Mahindra Manulife Mid Cap Fund - Direct Plan - Growth,Direct Plan,Mid Cap Fund,4,1553.59,2%,3%,11%,28%,35%,34%,16%,33%,23%,
Mahindra Manulife Mid Cap Fund - Regular Plan - Growth,Regular,Mid Cap Fund,4,1553.59,2%,2%,11%,27%,33%,32%,14%,31%,21%,
Mirae Asset NYSE FANG+ ETF - Regular Plan - Growth,Regular,Index Funds/ETFs,-,1509.63,4%,8%,9%,29%,84%,74%,7%,,,
HSBC Large Cap Fund - Direct Plan - Growth,Direct Plan,Large Cap Fund,3,1502.31,2%,2%,4%,12%,14%,13%,6%,16%,15%,14%
HSBC Large Cap Fund - Growth,Regular,Large Cap Fund,2,1502.31,2%,1%,4%,12%,13%,12%,5%,15%,13%,13%
Baroda BNP Paribas Large Cap Fund - Direct Plan - Growth,Direct Plan,Large Cap Fund,4,1484.03,1%,0%,3%,11%,14%,12%,7%,18%,16%,16%
Baroda BNP Paribas Large Cap Fund - Regular Plan - Growth,Regular,Large Cap Fund,3,1484.03,1%,0%,3%,11%,13%,11%,6%,16%,15%,15%
Baroda BNP Paribas Mid Cap Fund - Direct Plan - Growth,Direct Plan,Mid Cap Fund,3,1470.90,1%,3%,8%,22%,25%,24%,12%,30%,21%,21%
Baroda BNP Paribas Mid Cap Fund - Regular Plan - Growth,Regular,Mid Cap Fund,3,1470.90,1%,2%,7%,21%,23%,22%,10%,28%,19%,19%
Mahindra Manulife Large & Mid Cap Fund - Direct Plan - Growth,Direct Plan,Large & Mid Cap Fund,4,1416.04,2%,1%,8%,22%,22%,21%,10%,28%,,
Mahindra Manulife Large & Mid Cap Fund - Regular Plan - Growth,Regular,Large & Mid Cap Fund,4,1416.04,2%,1%,7%,21%,21%,19%,8%,25%,,
Nippon India ETF Nifty 8-13 yr G-Sec Long Term Gilt,Regular,Index Funds/ETFs,-,1407.85,0%,1%,1%,2%,7%,7%,4%,3%,7%,
UTI Nifty Next 50 Exchange Traded Fund,Regular,Index Funds/ETFs,-,1364.35,1%,3%,6%,14%,11%,7%,3%,17%,12%,
Edelweiss Flexi Cap Fund - Direct Plan - Growth,Direct Plan,Flexi Cap Fund,3,1297.48,2%,2%,5%,14%,18%,15%,8%,22%,17%,
Edelweiss Flexi Cap Fund - Regular Plan - Growth,Regular,Flexi Cap Fund,3,1297.48,2%,2%,4%,13%,16%,14%,7%,20%,15%,
ICICI Prudential Nifty IT ETF,Regular,Index Funds/ETFs,-,1272.30,2%,1%,2%,13%,12%,7%,6%,15%,,
LIC MF Large Cap Fund - Direct Plan - Growth,Direct Plan,Large Cap Fund,1,1249.68,1%,0%,2%,7%,8%,6%,2%,14%,14%,13%
LIC MF Large Cap Fund - Growth,Regular,Large Cap Fund,1,1249.68,1%,0%,1%,6%,7%,5%,0%,13%,12%,12%
Mirae Asset Flexi Cap Fund - Direct Plan - Growth,Direct Plan,Flexi Cap Fund,-,1222.27,1%,0%,3%,13%,,,,,,
Mirae Asset Flexi Cap Fund - Regular Plan - Growth,Regular,Flexi Cap Fund,-,1222.27,1%,0%,3%,12%,,,,,,
Baroda BNP Paribas Flexi Cap Fund - Direct Plan - Growth,Direct Plan,Flexi Cap Fund,-,1185.45,2%,2%,6%,15%,19%,16%,,,,
Baroda BNP Paribas Flexi Cap Fund - Regular Plan - Growth,Regular,Flexi Cap Fund,-,1185.45,2%,2%,5%,14%,17%,14%,,,,
Nippon India Silver ETF,Regular,Index Funds/ETFs,-,1180.92,4%,5%,3%,0%,2%,13%,,,,
SBI Crisil IBX SDL Index - September 2027 Fund - Direct Plan - Growth,Direct Plan,Index Funds/ETFs,-,1173.84,0%,1%,1%,3%,6%,7%,,,,
SBI Crisil IBX SDL Index - September 2027 Fund - Regular Plan - Growth,Regular,Index Funds/ETFs,-,1173.84,0%,1%,1%,3%,6%,7%,,,,
Union Small Cap Fund - Direct Plan - Growth,Direct Plan,Small Cap Fund,3,1138.72,2%,3%,13%,34%,39%,34%,18%,37%,25%,
Union Small Cap Fund - Regular Plan - Growth,Regular,Small Cap Fund,3,1138.72,2%,3%,12%,33%,38%,32%,17%,35%,24%,
Quant Large and Mid Cap Fund - Direct Plan - Growth,Direct Plan,Large & Mid Cap Fund,3,1127.30,2%,3%,8%,21%,18%,20%,15%,30%,21%,22%
Quant Large and Mid Cap Fund - Growth,Regular,Large & Mid Cap Fund,3,1127.30,2%,3%,8%,20%,17%,18%,13%,28%,19%,21%
Bandhan Large Cap Fund - Direct Plan - Growth,Direct Plan,Large Cap Fund,2,1122.75,2%,1%,3%,10%,15%,12%,5%,17%,15%,13%
Bandhan Large Cap Fund - Regular Plan - Growth,Regular,Large Cap Fund,2,1122.75,2%,1%,3%,9%,14%,11%,3%,15%,13%,12%
ICICI Prudential S&P BSE Sensex Index Fund - Direct Plan - Growth,Direct Plan,Index Funds/ETFs,2,1120.07,1%,1%,1%,6%,9%,7%,5%,16%,14%,
ICICI Prudential S&P BSE Sensex Index Fund - Growth,Regular,Index Funds/ETFs,2,1120.07,1%,1%,1%,6%,9%,7%,5%,16%,14%,
Invesco India Flexi Cap Fund - Direct Plan - Growth,Direct Plan,Flexi Cap Fund,-,1111.64,2%,3%,9%,20%,24%,22%,,,,
Invesco India Flexi Cap Fund - Regular Plan - Growth,Regular,Flexi Cap Fund,-,1111.64,2%,3%,9%,19%,22%,20%,,,,
WhiteOak Capital Mid Cap Fund - Direct Plan - Growth,Direct Plan,Mid Cap Fund,-,1109.64,2%,3%,9%,28%,32%,31%,,,,
WhiteOak Capital Mid Cap Fund - Regular Plan - Growth,Regular,Mid Cap Fund,-,1109.64,2%,3%,9%,27%,30%,29%,,,,
Baroda BNP Paribas Small Cap Fund - Direct Plan - Growth,Direct Plan,Small Cap Fund,-,1106.25,2%,,,,,,,,,
Baroda BNP Paribas Small Cap Fund - Regular Plan - Growth,Regular,Small Cap Fund,-,1106.25,2%,,,,,,,,,
LIC MF Nifty 8-13 yr G-Sec ETF,Regular,Index Funds/ETFs,-,1071.41,0%,1%,1%,2%,7%,7%,4%,3%,7%,
Navi Nifty 50 Index Fund - Direct Plan - Growth,Direct Plan,Index Funds/ETFs,-,1061.37,1%,0%,1%,8%,10%,8%,5%,,,
Navi Nifty 50 Index Fund - Regular Plan - Growth,Regular,Index Funds/ETFs,-,1061.37,1%,0%,1%,8%,9%,8%,5%,,,
Nippon India Index Fund - Direct Plan - Nifty 50 Plan - Growth,Direct Plan,Index Funds/ETFs,3,1036.82,1%,0%,1%,8%,10%,8%,5%,17%,14%,13%
Nippon India Index Fund - Nifty 50 Plan - Growth,Regular,Index Funds/ETFs,3,1036.82,1%,0%,1%,8%,9%,7%,5%,16%,13%,13%
Mahindra Manulife Flexi Cap Fund - Direct Plan - Growth,Direct Plan,Flexi Cap Fund,-,1023.13,1%,0%,4%,16%,21%,20%,11%,,,
Mahindra Manulife Flexi Cap Fund - Regular Plan - Growth,Regular,Flexi Cap Fund,-,1023.13,1%,0%,4%,15%,19%,18%,9%,,,
Motilal Oswal Nifty Midcap 150 Index Fund - Direct Plan - Growth,Direct Plan,Index Funds/ETFs,-,1013.01,2%,2%,9%,26%,30%,30%,14%,31%,,
Motilal Oswal Nifty Midcap 150 Index Fund - Regular Plan - Growth,Regular,Index Funds/ETFs,-,1013.01,2%,2%,9%,26%,29%,29%,13%,30%,,
Axis Nifty 100 Index Fund - Direct Plan - Growth,Direct Plan,Index Funds/ETFs,-,971.98,1%,0%,2%,9%,9%,7%,4%,16%,,
Axis Nifty 100 Index Fund - Regular Plan - Growth,Regular,Index Funds/ETFs,-,971.98,1%,0%,2%,8%,8%,6%,4%,15%,,
Bandhan Nifty 50 Index Fund - Direct Plan - Growth,Direct Plan,Index Funds/ETFs,2,931.71,1%,0%,1%,8%,10%,8%,5%,17%,14%,14%
Bandhan Nifty 50 Index Fund - Regular Plan - Growth,Regular,Index Funds/ETFs,2,931.71,1%,0%,1%,8%,9%,7%,5%,16%,14%,13%
Nippon India ETF Nifty Midcap 150,Regular,Index Funds/ETFs,-,917.45,2%,2%,9%,26%,30%,30%,14%,31%,,
HDFC NIFTY 50 ETF,Regular,Index Funds/ETFs,4,896.77,1%,0%,1%,8%,10%,8%,5%,17%,14%,
ICICI Prudential Silver ETF,Regular,Index Funds/ETFs,-,882.91,4%,5%,3%,0%,2%,12%,,,,
Bandhan Midcap Fund - Direct Plan - Growth,Direct Plan,Mid Cap Fund,-,862.02,1%,2%,8%,22%,27%,26%,,,,
Bandhan Midcap Fund - Regular Plan - Growth,Regular,Mid Cap Fund,-,862.02,1%,2%,8%,21%,25%,24%,,,,
UTI Gold Exchange Traded Fund,Regular,Index Funds/ETFs,-,855.68,0%,5%,3%,1%,9%,13%,10%,5%,13%,7%
ICICI Prudential NASDAQ 100 Index Fund - Direct Plan - Growth,Direct Plan,Index Funds/ETFs,-,851.73,3%,5%,4%,19%,45%,36%,5%,,,
ICICI Prudential NASDAQ 100 Index Fund - Regular Plan - Growth,Regular,Index Funds/ETFs,-,851.73,3%,5%,4%,19%,45%,35%,4%,,,
ICICI Prudential Nifty SDL Dec 2028 Index Fund - Direct Plan - Growth,Direct Plan,Index Funds/ETFs,-,851.51,0%,1%,1%,3%,6%,7%,,,,
ICICI Prudential Nifty SDL Dec 2028 Index Fund - Regular Plan - Growth,Regular,Index Funds/ETFs,-,851.51,0%,1%,1%,2%,6%,7%,,,,
Nippon India Nifty Midcap 150 Index Fund - Direct Plan - Growth,Direct Plan,Index Funds/ETFs,-,848.47,2%,2%,9%,26%,30%,30%,14%,,,
Nippon India Nifty Midcap 150 Index Fund - Growth,Regular,Index Funds/ETFs,-,848.47,2%,2%,9%,26%,29%,29%,13%,,,
LIC MF Flexi Cap Fund - Direct Plan - Growth,Direct Plan,Flexi Cap Fund,3,844.20,1%,0%,5%,14%,20%,18%,7%,16%,13%,12%
LIC MF Flexi Cap Fund - Growth,Regular,Flexi Cap Fund,3,844.20,1%,0%,5%,14%,19%,17%,6%,15%,13%,11%
Union Midcap Fund - Direct Plan - Growth,Direct Plan,Mid Cap Fund,3,837.77,2%,2%,8%,21%,25%,23%,11%,30%,,
Union Midcap Fund - Regular Plan - Growth,Regular,Mid Cap Fund,3,837.77,2%,2%,7%,20%,24%,21%,9%,28%,,
Baroda BNP Paribas Large and Mid Cap Fund - Direct Plan - Growth,Direct Plan,Large & Mid Cap Fund,3,824.65,2%,2%,6%,16%,18%,18%,8%,24%,,
Baroda BNP Paribas Large and Mid Cap Fund - Regular Plan - Growth,Regular,Large & Mid Cap Fund,3,824.65,2%,2%,5%,15%,17%,16%,6%,22%,,
Edelweiss Crisil IBX 50:50 Gilt Plus SDL April 2037 Index Fund - Direct Plan - Growth,Direct Plan,Index Funds/ETFs,-,800.11,0%,1%,1%,1%,7%,8%,,,,
Edelweiss Crisil IBX 50:50 Gilt Plus SDL April 2037 Index Fund - Regular Plan - Growth,Regular,Index Funds/ETFs,-,800.11,0%,1%,1%,1%,6%,7%,,,,
Axis Gold ETF Fund,Regular,Index Funds/ETFs,-,791.70,0%,5%,3%,1%,9%,13%,10%,5%,14%,6%
Invesco India Largecap Fund - Direct Plan - Growth,Direct Plan,Large Cap Fund,3,785.59,1%,1%,3%,13%,16%,14%,5%,19%,16%,16%
Invesco India Largecap Fund - Growth,Regular,Large Cap Fund,3,785.59,1%,1%,3%,12%,15%,12%,3%,17%,14%,14%
DSP Nifty 50 Equal Weight Index Fund - Direct Plan - Growth,Direct Plan,Index Funds/ETFs,-,752.26,2%,1%,5%,14%,17%,15%,10%,24%,16%,
DSP Nifty 50 Equal Weight Index Fund - Regular Plan - Growth,Regular,Index Funds/ETFs,-,752.26,2%,1%,5%,14%,16%,14%,9%,23%,15%,
Samco Flexi Cap Fund - Direct Plan - Growth,Direct Plan,Flexi Cap Fund,-,737.95,2%,0%,3%,16%,18%,15%,,,,
Samco Flexi Cap Fund - Regular Plan - Growth,Regular,Flexi Cap Fund,-,737.95,2%,0%,3%,15%,17%,14%,,,,
Bank of India Small Cap Fund - Direct Plan - Growth,Direct Plan,Small Cap Fund,3,723.41,3%,4%,16%,32%,37%,37%,18%,39%,,
Bank of India Small Cap Fund - Regular Plan - Growth,Regular,Small Cap Fund,3,723.41,3%,4%,16%,31%,36%,35%,17%,36%,,
Nippon India Nifty Smallcap 250 Index Fund - Direct Plan - Growth,Direct Plan,Index Funds/ETFs,-,719.41,3%,4%,14%,33%,36%,36%,15%,35%,,
Nippon India Nifty Smallcap 250 Index Fund - Growth,Regular,Index Funds/ETFs,-,719.41,3%,4%,14%,33%,35%,36%,14%,34%,,
JM Flexi Cap Fund - Direct - Growth,Direct Plan,Flexi Cap Fund,5,717.77,2%,2%,8%,25%,28%,28%,16%,28%,21%,20%
JM Flexi Cap Fund - Growth,Regular,Flexi Cap Fund,5,717.77,2%,2%,8%,24%,27%,27%,15%,27%,20%,19%
LIC MF Nifty 50 ETF,Regular,Index Funds/ETFs,3,717.30,1%,0%,1%,8%,10%,8%,5%,17%,14%,
HDFC Nifty50 Equal Weight Index Fund - Direct Plan - Growth,Direct Plan,Index Funds/ETFs,-,717.04,2%,1%,5%,14%,17%,15%,10%,,,
HDFC Nifty50 Equal Weight Index Fund - Regular Plan - Growth,Regular,Index Funds/ETFs,-,717.04,2%,1%,5%,14%,16%,14%,9%,,,
LIC MF S&P BSE Sensex ETF,Regular,Index Funds/ETFs,3,672.84,1%,1%,1%,6%,9%,7%,5%,16%,14%,
Navi NASDAQ 100 Fund of Fund - Direct Plan - Growth,Direct Plan,Index Funds/ETFs,-,670.83,3%,5%,4%,19%,46%,37%,,,,
Navi NASDAQ 100 Fund of Fund - Regular Plan - Growth,Regular,Index Funds/ETFs,-,670.83,3%,5%,4%,19%,46%,37%,,,,
Aditya Birla Sun Life Nifty 50 Index Fund - Direct Plan - Growth,Direct Plan,Index Funds/ETFs,3,627.73,1%,0%,1%,8%,10%,8%,5%,17%,14%,13%
Aditya Birla Sun Life Nifty 50 Index Fund - Regular Plan - Growth,Regular,Index Funds/ETFs,3,627.73,1%,0%,1%,8%,9%,7%,5%,16%,14%,13%
HDFC Nifty G-Sec Jun 2036 Index Fund - Direct Plan - Growth,Direct Plan,Index Funds/ETFs,-,613.77,0%,1%,1%,1%,,,,,,
HDFC Nifty G-Sec Jun 2036 Index Fund - Regular Plan - Growth,Regular,Index Funds/ETFs,-,613.77,0%,1%,1%,1%,,,,,,
UTI Gold Exchange Traded Fund,Regular,Index Funds/ETFs,-,595.84,0%,5%,3%,1%,9%,13%,10%,5%,13%,7%
LIC MF Nifty 100 ETF,Regular,Index Funds/ETFs,-,592.34,1%,0%,2%,9%,9%,6%,4%,16%,14%,
Mirae Asset S&P 500 Top 50 ETF - Regular Plan - Growth,Regular,Index Funds/ETFs,-,559.39,2%,4%,4%,15%,32%,27%,6%,,,
Edelweiss Large Cap Fund - Direct Plan - Growth,Direct Plan,Large Cap Fund,4,557.48,1%,1%,4%,12%,16%,15%,9%,19%,16%,16%
Edelweiss Large Cap Fund - Growth,Regular,Large Cap Fund,4,557.48,1%,1%,3%,11%,15%,13%,7%,17%,15%,14%
Motilal Oswal Nifty 500 Index Fund - Direct Plan - Growth,Direct Plan,Index Funds/ETFs,-,548.29,1%,1%,4%,13%,14%,12%,7%,20%,,
Motilal Oswal Nifty 500 Index Fund - Regular Plan - Growth,Regular,Index Funds/ETFs,-,548.29,1%,1%,4%,13%,13%,11%,6%,19%,,
Franklin India NSE Nifty 50 Index Fund - Direct Plan - Growth,Direct Plan,Index Funds/ETFs,1,539.91,1%,0%,1%,8%,9%,8%,5%,16%,14%,13%
Union Large and Mid Cap Fund - Direct Plan - Growth,Direct Plan,Large & Mid Cap Fund,3,539.20,2%,1%,6%,17%,19%,17%,7%,22%,,
Union Large and Mid Cap Fund - Regular Plan - Growth,Regular,Large & Mid Cap Fund,3,539.20,2%,1%,5%,16%,18%,16%,6%,20%,,
JM Midcap Fund - Direct Plan - Growth,Direct Plan,Mid Cap Fund,-,536.63,2%,1%,8%,30%,37%,,,,,
JM Midcap Fund - Regular Plan - Growth,Regular,Mid Cap Fund,-,536.63,2%,1%,8%,29%,34%,,,,,
Nippon India Index Fund - Direct Plan - S&P BSE Sensex Plan - Growth,Direct Plan,Index Funds/ETFs,3,535.53,1%,1%,1%,6%,9%,7%,5%,16%,14%,13%
Nippon India Index Fund - S&P BSE Sensex Plan - Growth,Regular,Index Funds/ETFs,3,535.53,1%,1%,1%,6%,9%,7%,5%,15%,14%,13%
NJ Flexi Cap Fund - Regular Plan - Growth,Regular,Flexi Cap Fund,-,529.73,2%,4%,,,,,,,,
NJ Flexi Cap Fund - Direct Plan - Growth,Direct Plan,Flexi Cap Fund,-,529.73,2%,4%,,,,,,,,
ICICI Prudential Nifty Alpha Low Volatility 30 ETF,Regular,Index Funds/ETFs,-,526.49,2%,4%,8%,15%,22%,19%,9%,19%,,
HDFC Nifty G-Sec Sep 2032 Index Fund - Direct Plan - Growth,Direct Plan,Index Funds/ETFs,-,524.65,0%,1%,1%,2%,7%,,,,,
HDFC Nifty G-Sec Sep 2032 Index Fund - Regular Plan - Growth,Regular,Index Funds/ETFs,-,524.65,0%,1%,1%,2%,7%,,,,,
Tata Nifty 50 Exchange Traded Fund,Regular,Index Funds/ETFs,3,523.39,1%,0%,1%,8%,10%,8%,5%,17%,,
ITI Mid Cap Fund - Direct Plan - Growth,Direct Plan,Mid Cap Fund,-,522.47,2%,3%,10%,25%,28%,28%,11%,,,
ITI Mid Cap Fund - Regular Plan - Growth,Regular,Mid Cap Fund,-,522.47,2%,3%,10%,24%,26%,25%,9%,,,
Nippon India Nifty G-Sec June 2036 Maturity Index Fund - Direct Plan - Growth,Direct Plan,Index Funds/ETFs,-,514.54,0%,1%,1%,1%,7%,,,,,
Nippon India Nifty G-Sec June 2036 Maturity Index Fund - Regular Plan - Growth,Regular,Index Funds/ETFs,-,514.54,0%,1%,1%,1%,7%,,,,,
Mirae Asset Nifty Midcap 150 ETF,Regular,Index Funds/ETFs,-,509.19,2%,2%,9%,26%,30%,30%,,,,
SBI Nifty Next 50 Index Fund - Direct Plan - Growth,Direct Plan,Index Funds/ETFs,-,507.29,1%,3%,6%,14%,10%,7%,3%,,,
SBI Nifty Next 50 Index Fund - Regular Plan - Growth,Regular,Index Funds/ETFs,-,507.29,1%,3%,5%,13%,10%,7%,2%,,,
Tata Nifty 50 Index Fund - Direct Plan,Direct Plan,Index Funds/ETFs,2,489.08,1%,0%,1%,8%,10%,8%,5%,17%,14%,13%
Tata Nifty 50 Index Fund - Regular Plan,Regular,Index Funds/ETFs,2,489.08,1%,0%,1%,8%,9%,7%,5%,16%,14%,13%
UTI Nifty Next 50 Exchange Traded Fund,Regular,Index Funds/ETFs,-,482.39,1%,3%,6%,14%,11%,7%,3%,17%,12%,
PGIM India Large Cap Fund - Direct Plan - Growth,Direct Plan,Large Cap Fund,2,475.82,1%,0%,1%,8%,11%,10%,5%,16%,14%,14%
PGIM India Large Cap Fund - Growth,Regular,Large Cap Fund,2,475.82,1%,0%,1%,7%,10%,9%,3%,14%,12%,13%
Motilal Oswal Nifty Microcap 250 Index Fund - Direct Plan - Growth,Direct Plan,Index Funds/ETFs,-,461.47,3%,5%,17%,,,,,,,
Motilal Oswal Nifty Microcap 250 Index Fund - Regular Plan - Growth,Regular,Index Funds/ETFs,-,461.47,3%,5%,17%,,,,,,,
Motilal Oswal Nifty Smallcap 250 Index Fund - Direct Plan - Growth,Direct Plan,Index Funds/ETFs,-,452.79,3%,4%,14%,33%,36%,37%,15%,35%,,
Motilal Oswal Nifty Smallcap 250 Index Fund - Regular Plan - Growth,Regular,Index Funds/ETFs,-,452.79,3%,4%,14%,33%,35%,36%,14%,34%,,
HDFC S&P BSE Sensex ETF,Regular,Index Funds/ETFs,3,448.22,1%,1%,1%,7%,9%,8%,5%,16%,15%,
ICICI Prudential Nifty 10 yr Benchmark G-Sec ETF,Regular,Index Funds/ETFs,-,446.52,0%,1%,1%,2%,6%,,,,,
Aditya Birla Sun Life Nifty ETF,Regular,Index Funds/ETFs,4,442.78,1%,0%,1%,8%,10%,8%,5%,17%,14%,14%
Axis Nifty 50 ETF,Regular,Index Funds/ETFs,3,440.67,1%,0%,1%,8%,10%,8%,5%,17%,14%,
Bank of India Flexi Cap Fund - Direct Plan - Growth,Direct Plan,Flexi Cap Fund,4,426.96,3%,4%,12%,23%,26%,26%,13%,28%,,
Bank of India Flexi Cap Fund - Regular Plan - Growth,Regular,Flexi Cap Fund,4,426.96,3%,4%,12%,23%,24%,24%,11%,26%,,
Motilal Oswal Nifty Bank Index Fund - Direct Plan - Growth,Direct Plan,Index Funds/ETFs,-,424.86,1%,0%,0%,1%,3%,5%,7%,16%,,
Motilal Oswal Nifty Bank Index Fund - Regular Plan - Growth,Regular,Index Funds/ETFs,-,424.86,1%,0%,0%,1%,3%,4%,7%,15%,,
ICICI Prudential Nifty IT ETF,Regular,Index Funds/ETFs,-,408.14,2%,1%,2%,13%,12%,7%,6%,15%,,
ITI Flexi Cap Fund - Direct Plan - Growth,Direct Plan,Flexi Cap Fund,-,407.72,2%,4%,7%,21%,,,,,,
ITI Flexi Cap Fund - Regular Plan - Growth,Regular,Flexi Cap Fund,-,407.72,2%,3%,7%,20%,,,,,,
Aditya Birla Sun Life S&P BSE SENSEX ETF,Regular,Index Funds/ETFs,4,404.99,1%,1%,1%,7%,9%,8%,5%,16%,14%,
DSP Nifty 50 Index Fund - Direct - Growth,Direct Plan,Index Funds/ETFs,3,404.81,1%,0%,1%,8%,10%,8%,5%,17%,,
DSP Nifty 50 Index Fund - Regular - Growth,Regular,Index Funds/ETFs,3,404.81,1%,0%,1%,8%,9%,8%,5%,16%,,
Navi Nifty Bank Index Fund - Direct Plan - Growth,Direct Plan,Index Funds/ETFs,-,403.16,1%,0%,0%,1%,3%,5%,,,,
Navi Nifty Bank Index Fund - Regular Plan - Growth,Regular,Index Funds/ETFs,-,403.16,1%,0%,0%,0%,3%,4%,,,,
Kotak Nifty 50 Index Fund - Direct Plan - Growth,Direct Plan,Index Funds/ETFs,-,391.77,1%,0%,1%,8%,10%,8%,5%,,,
Kotak Nifty 50 Index Fund - Regular Plan - Growth,Regular,Index Funds/ETFs,-,391.77,1%,0%,1%,8%,9%,7%,5%,,,
Nippon India Nifty 50 Value 20 Index Fund - Direct - Growth,Direct Plan,Index Funds/ETFs,-,387.77,2%,0%,4%,12%,16%,15%,9%,,,
Nippon India Nifty 50 Value 20 Index Fund - Regular - Growth,Regular,Index Funds/ETFs,-,387.77,2%,0%,4%,11%,16%,14%,8%,,,
SBI Nifty Private Bank ETF,Regular,Index Funds/ETFs,-,362.80,1%,0%,1%,4%,6%,7%,8%,14%,,
HDFC Nifty Next 50 Index Fund - Direct Plan - Growth,Direct Plan,Index Funds/ETFs,-,356.01,1%,3%,6%,13%,10%,7%,3%,,,
HDFC Nifty Next 50 Index Fund - Regular Plan - Growth,Regular,Index Funds/ETFs,-,356.01,1%,3%,5%,13%,10%,6%,2%,,,
ICICI Prudential Nifty Next 50 ETF,Regular,Index Funds/ETFs,-,351.00,1%,3%,6%,14%,11%,7%,3%,17%,12%,
WhiteOak Capital Large Cap Fund - Direct Plan - Growth,Direct Plan,Large Cap Fund,-,343.02,1%,1%,4%,11%,13%,,,,,
WhiteOak Capital Large Cap Fund - Regular Plan - Growth,Regular,Large Cap Fund,-,343.02,1%,1%,3%,10%,12%,,,,,
Motilal Oswal Nifty 50 Index Fund - Direct plan - Growth,Direct Plan,Index Funds/ETFs,2,334.30,1%,0%,1%,8%,10%,8%,5%,17%,,
Motilal Oswal Nifty 50 Index Fund - Regular plan - Growth,Regular,Index Funds/ETFs,2,334.30,1%,0%,1%,8%,9%,7%,5%,16%,,
SBI Nifty Smallcap 250 Index Fund - Direct Plan - Growth,Direct Plan,Index Funds/ETFs,-,331.84,3%,4%,14%,33%,36%,37%,,,,
SBI Nifty Smallcap 250 Index Fund - Regular Plan - Growth,Regular,Index Funds/ETFs,-,331.84,3%,4%,14%,33%,35%,36%,,,,
Quant Large Cap Fund - Direct Plan - Growth,Direct Plan,Large Cap Fund,-,322.80,1%,1%,6%,16%,13%,12%,,,,
Quant Large Cap Fund - Regular Plan - Growth,Regular,Large Cap Fund,-,322.80,1%,1%,5%,15%,12%,10%,,,,
Bandhan Crisil IBX Gilt April 2032 Index Fund - Direct Plan - Growth,Direct Plan,Index Funds/ETFs,-,320.96,0%,1%,1%,2%,,,,,,
Bandhan Crisil IBX Gilt April 2032 Index Fund - Regular Plan - Growth,Regular,Index Funds/ETFs,-,320.96,0%,1%,1%,2%,,,,,,
Axis Nifty 50 Index Fund - Direct Plan - Growth,Direct Plan,Index Funds/ETFs,-,319.00,1%,0%,1%,8%,10%,8%,,,,
Axis Nifty 50 Index Fund - Regular Plan - Growth,Regular,Index Funds/ETFs,-,319.00,1%,0%,1%,8%,9%,8%,,,,
HDFC Nifty Private Bank ETF,Regular,Index Funds/ETFs,-,313.37,1%,0%,1%,4%,6%,,,,,
Motilal Oswal Nifty Midcap 100 ETF,Regular,Index Funds/ETFs,-,303.07,2%,2%,10%,27%,32%,33%,14%,32%,19%,19%
Aditya Birla Sun Life Silver ETF,Regular,Index Funds/ETFs,-,297.36,3%,4%,2%,2%,1%,12%,,,,
DSP Nifty Next 50 Index Fund - Direct - Growth,Direct Plan,Index Funds/ETFs,-,296.89,1%,3%,6%,14%,11%,7%,3%,17%,,
DSP Nifty Next 50 Index Fund - Growth,Regular,Index Funds/ETFs,-,296.89,1%,3%,6%,14%,10%,7%,3%,17%,,
ICICI Prudential Nifty IT Index Fund - Direct Plan - Growth,Direct Plan,Index Funds/ETFs,-,290.70,2%,1%,2%,13%,11%,7%,,,,
ICICI Prudential Nifty IT Index Fund - Regular Plan - Growth,Regular,Index Funds/ETFs,-,290.70,2%,1%,2%,13%,11%,6%,,,,
Taurus Flexi Cap Fund - Direct Plan - Growth,Direct Plan,Flexi Cap Fund,3,276.07,2%,1%,7%,16%,16%,14%,7%,17%,11%,12%
Taurus Flexi Cap Fund - Growth,Regular,Flexi Cap Fund,3,276.07,2%,1%,7%,16%,16%,14%,7%,17%,11%,11%
UTI Crisil SDL Maturity April 2033 Index Fund - Direct Plan - Growth,Direct Plan,Index Funds/ETFs,-,273.27,0%,0%,1%,2%,6%,,,,,
Mahindra Manulife Large Cap Fund - Direct Plan - Growth,Direct Plan,Large Cap Fund,4,267.27,1%,1%,3%,11%,12%,10%,5%,19%,,
Mahindra Manulife Large Cap Fund - Regular Plan - Growth,Regular,Large Cap Fund,3,267.27,1%,1%,2%,10%,10%,8%,3%,17%,,
Tata S&P BSE Sensex Index Fund - Direct Plan,Direct Plan,Index Funds/ETFs,1,262.47,1%,1%,1%,6%,9%,7%,5%,15%,14%,13%
Tata S&P BSE Sensex Index Fund - Regular Plan,Regular,Index Funds/ETFs,1,262.47,1%,1%,0%,6%,9%,7%,5%,15%,14%,13%
360 ONE Flexicap Fund - Direct Plan - Growth,Direct Plan,Flexi Cap Fund,-,262.30,2%,1%,7%,,,,,,,
360 ONE Flexicap Fund - Regular Plan - Growth,Regular,Flexi Cap Fund,-,262.30,2%,1%,7%,,,,,,,
Navi Large & Midcap Fund - Direct Plan - Growth,Direct Plan,Large & Mid Cap Fund,3,256.51,2%,0%,3%,13%,17%,15%,8%,24%,18%,
Navi Large & Midcap Fund - Regular Plan - Growth,Regular,Large & Mid Cap Fund,3,256.51,2%,1%,2%,12%,15%,13%,6%,22%,15%,
Mirae Asset Nifty Financial Services ETF,Regular,Index Funds/ETFs,-,253.41,1%,1%,0%,2%,5%,4%,3%,,,
Union Largecap Fund - Direct Plan - Growth,Direct Plan,Large Cap Fund,3,247.92,1%,0%,3%,11%,13%,11%,4%,17%,14%,
Union Largecap Fund - Growth,Regular,Large Cap Fund,3,247.92,1%,0%,3%,10%,12%,10%,3%,16%,14%,
ICICI Prudential Nifty Bank Index Fund - Direct Plan - Growth,Direct Plan,Index Funds/ETFs,-,246.97,1%,0%,0%,1%,3%,5%,,,,
ICICI Prudential Nifty Bank Index Fund - Regular Plan - Growth,Regular,Index Funds/ETFs,-,246.97,1%,0%,0%,0%,3%,4%,,,,
LIC MF Nifty 50 Index Fund - Direct Plan - Growth,Direct Plan,Index Funds/ETFs,1,245.13,1%,0%,1%,8%,9%,8%,5%,16%,14%,13%
LIC MF Nifty 50 Index Fund - Growth,Regular,Index Funds/ETFs,1,245.13,1%,0%,1%,7%,9%,7%,4%,16%,13%,12%
Bank of India Large & Mid Cap Equity Fund - Direct Plan - Growth,Direct Plan,Large & Mid Cap Fund,2,229.54,2%,2%,7%,16%,18%,17%,8%,21%,17%,15%
Bank of India Large & Mid Cap Equity Fund - Regular Plan - Growth,Regular,Large & Mid Cap Fund,2,229.54,2%,2%,7%,16%,17%,16%,7%,20%,15%,13%
Navi Flexi Cap Fund - Direct Plan - Growth,Direct Plan,Flexi Cap Fund,3,224.90,1%,0%,4%,14%,17%,16%,8%,22%,17%,
Navi Flexi Cap Fund - Growth,Regular,Flexi Cap Fund,3,224.90,1%,0%,3%,13%,16%,14%,6%,19%,14%,
Kotak Silver ETF,Regular,Index Funds/ETFs,-,221.40,4%,5%,3%,0%,3%,,,,,
ICICI Prudential Nifty Midcap 150 Index Fund - Direct Plan - Growth,Direct Plan,Index Funds/ETFs,-,214.28,2%,2%,9%,26%,30%,30%,,,,
ICICI Prudential Nifty Midcap 150 Index Fund - Growth,Regular,Index Funds/ETFs,-,214.28,2%,2%,9%,25%,29%,29%,,,,
Axis Nifty Bank ETF,Regular,Index Funds/ETFs,-,213.95,1%,0%,0%,1%,4%,5%,8%,16%,,
Mirae Asset Crisil IBX Gilt Index - April 2033 Index Fund - Direct Plan - Growth,Direct Plan,Index Funds/ETFs,-,212.74,0%,1%,1%,2%,7%,7%,,,,
Mirae Asset Crisil IBX Gilt Index - April 2033 Index Fund - Regular Plan - Growth,Regular,Index Funds/ETFs,-,212.74,0%,1%,1%,2%,6%,7%,,,,
ICICI Prudential Nifty Midcap 150 ETF,Regular,Index Funds/ETFs,-,211.37,2%,2%,9%,26%,30%,30%,14%,31%,,
Motilal Oswal Nifty 200 Momentum 30 Index Fund - Direct Plan - Growth,Direct Plan,Index Funds/ETFs,-,206.95,3%,4%,11%,22%,24%,20%,,,,
Motilal Oswal Nifty 200 Momentum 30 Index Fund - Regular Plan - Growth,Regular,Index Funds/ETFs,-,206.95,3%,4%,11%,21%,24%,19%,,,,
LIC MF Mid cap Fund - Direct Plan - Growth,Direct Plan,Mid Cap Fund,2,204.44,2%,4%,10%,23%,26%,23%,7%,23%,16%,
LIC MF Mid cap Fund - Growth,Regular,Mid Cap Fund,2,204.44,2%,4%,9%,23%,25%,22%,7%,22%,15%,
Mirae Asset Hang Seng TECH ETF,Regular,Index Funds/ETFs,-,202.25,2%,6%,2%,7%,0%,11%,,,,
ITI Large Cap Fund - Direct Plan - Growth,Direct Plan,Large Cap Fund,-,199.29,2%,1%,4%,12%,13%,12%,5%,,,
ITI Large Cap Fund - Regular Plan - Growth,Regular,Large Cap Fund,-,199.29,1%,1%,3%,11%,11%,10%,3%,,,
Aditya Birla Sun Life Nifty 50 Equal Weight index Fund - Direct Plan - Growth,Direct Plan,Index Funds/ETFs,-,199.16,2%,1%,5%,14%,17%,15%,10%,,,
Aditya Birla Sun Life Nifty 50 Equal Weight index Fund - Regular Plan - Growth,Regular,Index Funds/ETFs,-,199.16,2%,1%,5%,14%,16%,14%,9%,,,
SBI Nifty Midcap 150 Index Fund - Direct Plan - Growth,Direct Plan,Index Funds/ETFs,-,198.39,2%,2%,9%,26%,30%,30%,,,,
SBI Nifty Midcap 150 Index Fund - Regular Plan - Growth,Regular,Index Funds/ETFs,-,198.39,2%,2%,9%,26%,29%,29%,,,,
HSBC Nifty 50 Index Fund - Direct - Growth,Direct Plan,Index Funds/ETFs,2,194.73,1%,0%,2%,8%,10%,8%,5%,17%,,
HSBC Nifty 50 Index Fund - Regular - Growth,Regular,Index Funds/ETFs,2,194.73,1%,0%,1%,8%,9%,7%,5%,16%,,
UTI S&P BSE Low Volatility Index Fund - Direct Plan - Growth,Direct Plan,Index Funds/ETFs,-,190.00,1%,1%,3%,14%,17%,19%,,,,
UTI S&P BSE Low Volatility Index Fund - Regular Plan - Growth,Regular,Index Funds/ETFs,-,190.00,1%,1%,3%,14%,17%,18%,,,,
ICICI Prudential Nifty Smallcap 250 Index Fund - Direct Plan - Growth,Direct Plan,Index Funds/ETFs,-,183.04,3%,4%,14%,33%,36%,36%,15%,,,
ICICI Prudential Nifty Smallcap 250 Index Fund - Regular Plan - Growth,Regular,Index Funds/ETFs,-,183.04,3%,4%,14%,33%,35%,35%,14%,,,
DSP Nifty Midcap 150 Quality 50 Index Fund - Direct Plan - Growth,Direct Plan,Index Funds/ETFs,-,179.85,1%,0%,4%,17%,19%,15%,,,,
DSP Nifty Midcap 150 Quality 50 Index Fund - Regular Plan - Growth,Regular,Index Funds/ETFs,-,179.85,1%,0%,4%,17%,19%,15%,,,,
LIC MF Small Cap Fund - Direct Plan - Growth,Direct Plan,Small Cap Fund,2,168.58,1%,1%,10%,20%,25%,22%,14%,35%,21%,
LIC MF Small Cap Fund - Growth,Regular,Small Cap Fund,2,168.58,1%,1%,10%,20%,24%,21%,13%,34%,20%,
UTI S&P BSE Sensex Index Fund - Direct Plan - Growth,Direct Plan,Index Funds/ETFs,-,158.59,1%,1%,1%,6%,9%,7%,,,,
UTI S&P BSE Sensex Index Fund - Regular Plan - Growth,Regular,Index Funds/ETFs,-,158.59,1%,1%,1%,6%,9%,7%,,,,
UTI Nifty Midcap 150 Quality 50 Index Fund - Direct Plan - Growth,Direct Plan,Index Funds/ETFs,-,149.34,1%,0%,4%,17%,19%,15%,,,,
UTI Nifty Midcap 150 Quality 50 Index Fund - Regular Plan - Growth,Regular,Index Funds/ETFs,-,149.34,1%,0%,4%,16%,19%,15%,,,,
Kotak Nifty SDL Jul 2033 Index Fund - Direct Plan - Growth,Direct Plan,Index Funds/ETFs,-,146.44,0%,1%,1%,2%,,,,,,
Motilal Oswal Nifty Next 50 Index Fund - Direct plan - Growth,Direct Plan,Index Funds/ETFs,-,144.07,1%,3%,6%,14%,11%,7%,3%,17%,,
Motilal Oswal Nifty Next 50 Index Fund - Regular plan - Growth,Regular,Index Funds/ETFs,-,144.07,1%,3%,5%,13%,10%,6%,2%,16%,,
Navi Nifty Next 50 Index Fund - Direct Plan - Growth,Direct Plan,Index Funds/ETFs,-,143.61,1%,3%,6%,14%,10%,7%,,,,
Navi Nifty Next 50 Index Fund - Regular Plan - Growth,Regular,Index Funds/ETFs,-,143.61,1%,3%,5%,13%,10%,6%,,,,
Aditya Birla Sun Life Crisil IBX SDL Jun 2032 Index Fund - Direct Plan - Growth,Direct Plan,Index Funds/ETFs,-,143.09,0%,1%,1%,2%,,,,,,
Aditya Birla Sun Life Crisil IBX SDL Jun 2032 Index Fund - Regular Plan - Growth,Regular,Index Funds/ETFs,-,143.09,0%,1%,1%,2%,,,,,,
Axis Nifty IT ETF,Regular,Index Funds/ETFs,-,142.34,2%,1%,2%,13%,11%,7%,6%,,,
Axis Nifty Midcap 50 Index Fund - Direct Plan - Growth,Direct Plan,Index Funds/ETFs,-,136.75,2%,1%,9%,27%,35%,36%,,,,
Axis Nifty Midcap 50 Index Fund - Regular Plan - Growth,Regular,Index Funds/ETFs,-,136.75,2%,1%,8%,27%,34%,35%,,,,
SBI S&P BSE Sensex Index Fund - Direct Plan - Growth,Direct Plan,Index Funds/ETFs,-,130.58,1%,1%,1%,,,,,,,
SBI S&P BSE Sensex Index Fund - Regular Plan - Growth,Regular,Index Funds/ETFs,-,130.58,1%,1%,1%,,,,,,,
Mirae Asset Nifty 100 ESG Sector Leaders ETF,Regular,Index Funds/ETFs,-,130.56,1%,0%,3%,9%,7%,5%,2%,,,
ICICI Prudential S&P BSE 500 ETF,Regular,Index Funds/ETFs,-,128.48,1%,1%,4%,13%,14%,12%,7%,20%,15%,
Mirae Asset Nifty Next 50 ETF (MANXT50ETF),Regular,Index Funds/ETFs,-,125.80,1%,3%,6%,14%,10%,7%,3%,17%,,
Aditya Birla Sun Life Nifty Midcap 150 Index Fund - Direct Plan - Growth,Direct Plan,Index Funds/ETFs,-,123.98,2%,2%,9%,26%,30%,30%,14%,,,
Aditya Birla Sun Life Nifty Midcap 150 Index Fund - Growth,Regular,Index Funds/ETFs,-,123.98,2%,2%,9%,26%,29%,29%,13%,,,
HDFC Silver ETF,Regular,Index Funds/ETFs,-,120.58,3%,6%,4%,1%,2%,12%,,,,
Kotak Nifty Next 50 Index Fund - Direct Plan - Growth,Direct Plan,Index Funds/ETFs,-,114.18,1%,3%,6%,13%,10%,7%,3%,,,
Kotak Nifty Next 50 Index Fund - Regular Plan - Growth,Regular,Index Funds/ETFs,-,114.18,1%,3%,5%,13%,10%,6%,3%,,,
HDFC Sensex ETF,Regular,Index Funds/ETFs,3,110.09,1%,1%,1%,7%,9%,8%,5%,16%,15%,
HDFC Nifty 100 Index Fund - Direct Plan - Growth,Direct Plan,Index Funds/ETFs,-,110.09,1%,0%,2%,9%,9%,6%,,,,
HDFC Nifty 100 Index Fund - Regular Plan - Growth,Regular,Index Funds/ETFs,-,110.09,1%,0%,2%,8%,8%,6%,,,,
LIC MF Gold Exchange Traded Fund,Regular,Index Funds/ETFs,-,109.23,0%,5%,3%,1%,9%,13%,11%,6%,14%,7%
Aditya Birla Sun Life Nifty Next 50 ETF,Regular,Index Funds/ETFs,-,107.82,1%,3%,6%,14%,11%,7%,3%,17%,,
Axis Nifty Smallcap 50 Index Fund - Direct Plan - Growth,Direct Plan,Index Funds/ETFs,-,107.80,3%,7%,20%,42%,47%,47%,,,,
Axis Nifty Smallcap 50 Index Fund - Regular Plan - Growth,Regular,Index Funds/ETFs,-,107.80,3%,7%,19%,41%,46%,46%,,,,
Aditya Birla Sun Life Nifty IT ETF,Regular,Index Funds/ETFs,-,104.55,2%,1%,2%,13%,12%,7%,6%,,,
Axis S&P BSE Sensex ETF,Regular,Index Funds/ETFs,-,101.78,1%,1%,1%,6%,,,,,,
DSP Nifty Bank ETF,Regular,Index Funds/ETFs,-,101.45,1%,0%,0%,1%,,,,,,
Aditya Birla Sun Life Nifty Smallcap 50 Index Fund - Direct Plan - Growth,Direct Plan,Index Funds/ETFs,-,100.42,4%,7%,19%,41%,47%,47%,9%,,,
Aditya Birla Sun Life Nifty Smallcap 50 Index Fund - Growth,Regular,Index Funds/ETFs,-,100.42,4%,7%,19%,41%,46%,46%,8%,,,
Taurus Discovery (Midcap) Fund - Direct Plan - Growth,Direct Plan,Mid Cap Fund,3,100.29,1%,1%,6%,25%,27%,31%,13%,26%,19%,20%
Taurus Discovery (Midcap) Fund - Growth,Regular,Mid Cap Fund,3,100.29,1%,1%,6%,24%,26%,30%,13%,25%,19%,20%
Tata Nifty Midcap 150 Momentum 50 Index Fund - Direct Plan - Growth,Direct Plan,Index Funds/ETFs,-,99.61,3%,4%,14%,30%,35%,30%,,,,
Tata Nifty Midcap 150 Momentum 50 Index Fund - Regular Plan - Growth,Regular,Index Funds/ETFs,-,99.61,3%,4%,14%,30%,34%,29%,,,,
Groww Large Cap Fund - Direct Plan - Growth,Direct Plan,Large Cap Fund,3,99.01,1%,0%,5%,9%,11%,9%,5%,15%,12%,14%
Groww Large Cap Fund - Regular Plan - Growth,Regular,Large Cap Fund,3,99.01,1%,0%,5%,9%,10%,8%,4%,13%,11%,12%
Invesco India Gold Exchange Traded Fund,Regular,Index Funds/ETFs,-,98.36,0%,5%,3%,1%,9%,13%,10%,5%,14%,7%
Bank of India Bluechip Fund - Direct Plan - Growth,Direct Plan,Large Cap Fund,-,98.13,2%,2%,8%,16%,17%,15%,5%,,,
Bank of India Bluechip Fund - Regular Plan - Growth,Regular,Large Cap Fund,-,98.13,2%,2%,7%,15%,16%,14%,4%,,,
DSP Nifty Private Bank ETF,Regular,Index Funds/ETFs,-,96.94,1%,0%,1%,,,,,,,
Kotak Nifty IT ETF,Regular,Index Funds/ETFs,-,96.80,2%,1%,2%,13%,12%,7%,5%,,,
Bandhan Nifty 100 Low Volatility 30 Index Fund - Direct Plan - Growth,Direct Plan,Index Funds/ETFs,-,89.96,1%,2%,3%,12%,16%,15%,,,,
Bandhan Nifty 100 Low Volatility 30 Index Fund - Regular Plan - Growth,Regular,Index Funds/ETFs,-,89.96,1%,1%,2%,11%,16%,14%,,,,
Axis Nifty Next 50 Index Fund - Direct Plan - Growth,Direct Plan,Index Funds/ETFs,-,89.65,1%,3%,6%,14%,10%,7%,,,,
Axis Nifty Next 50 Index Fund - Regular Plan - Growth,Regular,Index Funds/ETFs,-,89.65,1%,3%,5%,13%,10%,6%,,,,
HDFC Nifty Smallcap 250 ETF,Regular,Index Funds/ETFs,-,89.57,3%,4%,14%,33%,,,,,,
ICICI Prudential Nifty Infrastructure ETF,Regular,Index Funds/ETFs,-,89.03,2%,1%,7%,18%,22%,21%,,,,
Mirae Asset Nifty India Manufacturing ETF,Regular,Index Funds/ETFs,-,87.68,2%,1%,3%,17%,20%,17%,,,,
Axis Nifty IT Index Fund - Direct Plan - Growth,Direct Plan,Index Funds/ETFs,-,86.65,2%,1%,2%,,,,,,,
Axis Nifty IT Index Fund - Regular Plan - Growth,Regular,Index Funds/ETFs,-,86.65,2%,1%,2%,,,,,,,
DSP Nifty 50 ETF,Regular,Index Funds/ETFs,-,86.55,1%,0%,1%,8%,10%,8%,,,,
Bandhan Nifty 100 Index Fund - Direct Plan - Growth,Direct Plan,Index Funds/ETFs,-,84.81,1%,0%,2%,9%,9%,7%,,,,
Bandhan Nifty 100 Index Fund - Regular Plan - Growth,Regular,Index Funds/ETFs,-,84.81,1%,0%,2%,8%,8%,6%,,,,
ICICI Prudential Nifty50 Value 20 ETF,Regular,Index Funds/ETFs,-,82.95,2%,0%,4%,12%,16%,15%,9%,22%,17%,
Mirae Asset Nifty SDL Jun 2028 Index Fund - Direct Plan - Growth,Direct Plan,Index Funds/ETFs,-,82.43,0%,1%,1%,3%,,,,,,
Mirae Asset Nifty SDL Jun 2028 Index Fund - Regular Plan - Growth,Regular,Index Funds/ETFs,-,82.43,0%,1%,1%,2%,,,,,,
HDFC Nifty 100 Equal Weight Index Fund - Direct Plan - Growth,Direct Plan,Index Funds/ETFs,-,80.13,1%,1%,5%,14%,14%,12%,,,,
HDFC Nifty 100 Equal Weight Index Fund - Regular Plan - Growth,Regular,Index Funds/ETFs,-,80.13,1%,1%,5%,14%,14%,11%,,,,
DSP Nifty 50 Equal Weight ETF,Regular,Index Funds/ETFs,-,78.71,2%,1%,5%,14%,17%,15%,10%,,,
Mirae Asset Nifty 8-13 yr G-Sec ETF,Regular,Index Funds/ETFs,-,76.02,0%,1%,1%,2%,,,,,,
Edelweiss Nifty Midcap150 Momentum 50 Index Fund - Direct Plan - Growth,Direct Plan,Index Funds/ETFs,-,75.60,3%,4%,14%,30%,35%,,,,,
Edelweiss Nifty Midcap150 Momentum 50 Index Fund - Regular Plan - Growth,Regular,Index Funds/ETFs,-,75.60,3%,4%,14%,30%,35%,,,,,
DSP Nifty Midcap 150 Quality 50 ETF,Regular,Index Funds/ETFs,-,75.01,1%,0%,4%,17%,19%,15%,,,,
LIC MF S&P BSE Sensex Index Fund - Direct Plan - Growth,Direct Plan,Index Funds/ETFs,2,73.68,1%,1%,1%,6%,9%,7%,5%,16%,14%,13%
LIC MF S&P BSE Sensex Index Fund - Growth,Regular,Index Funds/ETFs,2,73.68,1%,1%,0%,6%,8%,7%,4%,15%,13%,12%
Mirae Asset Nifty 8-13 yr G-Sec ETF,Regular,Index Funds/ETFs,-,72.88,0%,1%,1%,2%,,,,,,
Aditya Birla Sun Life Banking ETF,Regular,Index Funds/ETFs,-,72.15,1%,0%,0%,1%,4%,5%,8%,16%,,
Navi Nifty Midcap 150 Index Fund - Direct Plan - Growth,Direct Plan,Index Funds/ETFs,-,71.56,2%,2%,9%,26%,30%,30%,,,,
Navi Nifty Midcap 150 Index Fund - Regular Plan - Growth,Regular,Index Funds/ETFs,-,71.56,2%,2%,9%,25%,29%,29%,,,,
Nippon India Nifty Auto ETF,Regular,Index Funds/ETFs,-,69.95,3%,1%,9%,20%,33%,27%,,,,
Invesco India Nifty 50 Exchange Traded Fund,Regular,Index Funds/ETFs,2,69.39,1%,0%,1%,8%,10%,8%,5%,17%,14%,14%
HDFC Nifty Smallcap 250 Index Fund - Direct Plan - Growth,Direct Plan,Index Funds/ETFs,-,69.38,3%,4%,14%,33%,,,,,,
HDFC Nifty Smallcap 250 Index Fund - Regular Plan - Growth,Regular,Index Funds/ETFs,-,69.38,3%,4%,14%,32%,,,,,,
HSBC Nifty Next 50 Index Fund - Direct - Growth,Direct Plan,Index Funds/ETFs,-,68.36,1%,3%,6%,13%,10%,7%,3%,17%,,
HSBC Nifty Next 50 Index Fund - Growth,Regular,Index Funds/ETFs,-,68.36,1%,3%,5%,13%,10%,6%,2%,16%,,
Kotak Nifty Alpha 50 ETF,Regular,Index Funds/ETFs,-,67.69,3%,5%,14%,35%,28%,24%,,,,
SBI Nifty IT ETF,Regular,Index Funds/ETFs,-,67.32,2%,1%,2%,13%,11%,7%,6%,15%,,
ICICI Prudential S&P BSE 500 ETF,Regular,Index Funds/ETFs,-,66.78,1%,1%,4%,13%,14%,12%,7%,20%,15%,
Nippon India Nifty Alpha Low Volatility 30 Index Fund - Direct Plan - Growth,Direct Plan,Index Funds/ETFs,-,63.84,2%,4%,8%,15%,22%,19%,,,,
Nippon India Nifty Alpha Low Volatility 30 Index Fund - Regular Plan - Growth,Regular,Index Funds/ETFs,-,63.84,2%,4%,7%,15%,22%,19%,,,,
Edelweiss Nifty Large Mid Cap 250 Index Fund - Direct Plan - Growth,Direct Plan,Index Funds/ETFs,-,62.48,2%,1%,6%,17%,19%,18%,,,,
Edelweiss Nifty Large Mid Cap 250 Index Fund - Regular Plan - Growth,Regular,Index Funds/ETFs,-,62.48,2%,1%,5%,17%,18%,17%,,,,
Sundaram Nifty 100 Equal Weight Fund - Direct Plan - Growth,Direct Plan,Index Funds/ETFs,-,62.05,1%,1%,5%,14%,14%,12%,6%,20%,13%,12%
Sundaram Nifty 100 Equal Weight Fund - Growth,Regular,Index Funds/ETFs,3,62.05,1%,1%,5%,13%,14%,11%,5%,19%,13%,12%
UTI Nifty 500 Value 50 Index Fund - Direct Plan - Growth,Direct Plan,Index Funds/ETFs,-,60.77,4%,6%,16%,32%,,,,,,
UTI Nifty 500 Value 50 Index Fund - Regular Plan - Growth,Regular,Index Funds/ETFs,-,60.77,4%,6%,16%,31%,,,,,,
Shriram Flexi Cap Fund - Direct Plan - Growth,Direct Plan,Flexi Cap Fund,3,59.65,3%,4%,9%,16%,16%,15%,8%,17%,13%,
Shriram Flexi Cap Fund - Regular Plan - Growth,Regular,Flexi Cap Fund,2,59.65,2%,4%,9%,15%,15%,13%,6%,15%,11%,
JM Large Cap Fund - (Direct) - Growth,Direct Plan,Large Cap Fund,4,57.96,2%,1%,6%,15%,16%,15%,8%,17%,14%,14%
JM Large Cap Fund - Growth,Regular,Large Cap Fund,4,57.96,2%,1%,5%,15%,15%,14%,7%,16%,13%,13%
ICICI Prudential Nifty 100 ETF,Regular,Index Funds/ETFs,-,56.51,1%,0%,2%,9%,8%,6%,4%,16%,13%,14%
SBI Nifty 200 Quality 30 ETF,Regular,Index Funds/ETFs,-,55.71,1%,0%,4%,11%,18%,14%,5%,16%,,
Motilal Oswal S&P BSE Enhanced Value Index Fund - Regular Plan - Growth,Regular,Index Funds/ETFs,-,54.79,4%,6%,16%,32%,36%,45%,,,,
Motilal Oswal S&P BSE Enhanced Value Index Fund - Direct Plan - Growth,Direct Plan,Index Funds/ETFs,-,54.79,4%,6%,17%,33%,37%,46%,,,,
ICICI Prudential Nifty Financial Services Ex-Bank ETF,Regular,Index Funds/ETFs,-,54.47,2%,1%,10%,22%,26%,,,,,
HDFC Nifty Midcap 150 Index Fund - Direct Plan - Growth,Direct Plan,Index Funds/ETFs,-,54.26,2%,2%,9%,26%,,,,,,
HDFC Nifty Midcap 150 Index Fund - Regular Plan - Growth,Regular,Index Funds/ETFs,-,54.26,2%,2%,9%,25%,,,,,,
Tata Nifty India Digital ETF,Regular,Index Funds/ETFs,-,53.66,1%,2%,8%,24%,27%,19%,,,,
LIC MF Nifty Next 50 Index Fund - Direct Plan - Growth,Direct Plan,Index Funds/ETFs,-,53.43,1%,3%,6%,13%,10%,7%,3%,17%,12%,15%
LIC MF Nifty Next 50 Index Fund - Growth,Regular,Index Funds/ETFs,-,53.43,1%,3%,5%,13%,10%,6%,2%,16%,11%,14%
HDFC Nifty IT ETF,Regular,Index Funds/ETFs,-,50.96,2%,1%,2%,13%,11%,,,,,
Quantum Nifty 50 ETF,Regular,Index Funds/ETFs,3,48.75,1%,0%,1%,8%,10%,8%,5%,17%,14%,13%
ICICI Prudential Nifty 200 Momentum 30 Index Fund - Direct Plan - Growth,Direct Plan,Index Funds/ETFs,-,48.22,3%,4%,11%,21%,24%,19%,,,,
ICICI Prudential Nifty 200 Momentum 30 Index Fund - Regular Plan - Growth,Regular,Index Funds/ETFs,-,48.22,3%,4%,10%,21%,23%,19%,,,,
UTI Silver Exchange Traded Fund,Regular,Index Funds/ETFs,-,47.08,1%,3%,0%,3%,,,,,,
Aditya Birla Sun Life Nifty Next 50 ETF,Regular,Index Funds/ETFs,-,46.77,1%,3%,6%,14%,11%,7%,3%,17%,,
Baroda BNP Paribas Nifty SDL December 2028 Index Fund - Direct Plan - Growth,Direct Plan,Index Funds/ETFs,-,46.76,0%,1%,1%,2%,,,,,,
ICICI Prudential Nifty India Consumption ETF,Regular,Index Funds/ETFs,-,46.21,1%,1%,5%,12%,15%,11%,9%,,,
Tata Nifty India Digital ETF,Regular,Index Funds/ETFs,-,45.54,1%,2%,8%,24%,27%,19%,,,,
Nippon India ETF Nifty Infrastructure BeES,Regular,Index Funds/ETFs,-,45.18,2%,1%,6%,18%,21%,20%,10%,24%,16%,11%
Invesco India Nifty G-Sec Sep 2032 Index Fund - Direct Plan - Growth,Direct Plan,Index Funds/ETFs,-,43.36,0%,1%,1%,2%,,,,,,
Invesco India Nifty G-Sec Sep 2032 Index Fund - Regular Plan - Growth,Regular,Index Funds/ETFs,-,43.36,0%,1%,1%,2%,,,,,,
Aditya Birla Sun Life Nifty Next 50 Index Fund - Direct Plan - Growth,Direct Plan,Index Funds/ETFs,-,42.28,1%,3%,6%,13%,10%,7%,,,,
Aditya Birla Sun Life Nifty Next 50 Index Fund - Regular Plan - Growth,Regular,Index Funds/ETFs,-,42.28,1%,3%,5%,13%,10%,6%,,,,
Axis Silver ETF,Regular,Index Funds/ETFs,-,41.56,3%,5%,4%,2%,4%,13%,,,,
DSP Silver ETF,Regular,Index Funds/ETFs,-,40.38,3%,4%,3%,1%,2%,12%,,,,
UTI Nifty50 Equal Weight Index Fund - Direct Plan - Growth,Direct Plan,Index Funds/ETFs,-,39.94,2%,1%,5%,,,,,,,
UTI Nifty50 Equal Weight Index Fund - Regular Plan - Growth,Regular,Index Funds/ETFs,-,39.94,2%,1%,5%,,,,,,,
Kotak Nifty G-Sec July 2033 Index Fund - Direct Plan - Growth,Direct Plan,Index Funds/ETFs,-,39.04,0%,1%,,,,,,,,
Kotak Nifty G-Sec July 2033 Index Fund - Regular Plan - Growth,Regular,Index Funds/ETFs,-,39.04,0%,1%,,,,,,,,
ICICI Prudential Nifty Auto Index Fund - Direct Plan - Growth,Direct Plan,Index Funds/ETFs,-,37.12,3%,1%,9%,19%,32%,27%,,,,
ICICI Prudential Nifty Auto Index Fund - Regular Plan - Growth,Regular,Index Funds/ETFs,-,37.12,3%,1%,9%,19%,31%,26%,,,,
Mirae Asset Nifty Bank ETF,Regular,Index Funds/ETFs,-,35.50,1%,0%,0%,,,,,,,
Taurus Largecap Equity Fund - Direct Plan - Growth,Direct Plan,Large Cap Fund,1,35.15,3%,2%,6%,11%,11%,7%,6%,15%,11%,12%
Taurus Largecap Equity Fund - Growth,Regular,Large Cap Fund,2,35.15,3%,2%,6%,11%,10%,7%,5%,15%,11%,11%
ICICI Prudential S&P BSE Midcap Select ETF,Regular,Index Funds/ETFs,-,34.24,2%,4%,11%,24%,26%,21%,6%,22%,14%,
Bandhan Nifty 200 Momentum 30 Index Fund - Direct Plan - Growth,Direct Plan,Index Funds/ETFs,-,34.15,3%,4%,11%,21%,24%,19%,,,,
Bandhan Nifty 200 Momentum 30 Index Fund - Regular Plan - Growth,Regular,Index Funds/ETFs,-,34.15,3%,4%,10%,21%,23%,19%,,,,
Motilal Oswal MSCI EAFE Top 100 Select Index Fund - Direct Plan - Growth,Direct Plan,Index Funds/ETFs,-,33.43,3%,3%,1%,0%,9%,14%,,,,
Motilal Oswal MSCI EAFE Top 100 Select Index Fund - Regular Plan - Growth,Regular,Index Funds/ETFs,-,33.43,3%,3%,1%,0%,9%,13%,,,,
Motilal Oswal Nifty 50 ETF,Regular,Index Funds/ETFs,2,33.40,1%,0%,1%,8%,10%,8%,5%,17%,14%,13%
ICICI Prudential Nifty Auto ETF,Regular,Index Funds/ETFs,-,32.50,3%,1%,9%,20%,33%,27%,,,,
Groww Nifty Total Market Index Fund - Direct Plan - Growth,Direct Plan,Index Funds/ETFs,-,32.44,1%,,,,,,,,,
Groww Nifty Total Market Index Fund - Regular Plan - Growth,Regular,Index Funds/ETFs,-,32.44,1%,,,,,,,,,
DSP Nifty IT ETF,Regular,Index Funds/ETFs,-,28.05,2%,1%,2%,,,,,,,
Kotak Nifty 200 Momentum 30 Index Fund - Direct Plan - Growth,Direct Plan,Index Funds/ETFs,-,26.74,3%,4%,10%,,,,,,,
Kotak Nifty 200 Momentum 30 Index Fund - Regular Plan - Growth,Regular,Index Funds/ETFs,-,26.74,3%,3%,10%,,,,,,,
Motilal Oswal S&P BSE Low Volatility Index Fund - Direct Plan - Growth,Direct Plan,Index Funds/ETFs,-,25.35,1%,1%,3%,14%,17%,18%,,,,
Motilal Oswal S&P BSE Low Volatility Index Fund - Regular Plan - Growth,Regular,Index Funds/ETFs,-,25.35,1%,1%,3%,14%,16%,18%,,,,
Nippon India ETF S&P BSE Sensex Next 50,Regular,Index Funds/ETFs,-,25.27,1%,2%,7%,17%,20%,16%,8%,23%,,
Mirae Asset Gold ETF,Regular,Index Funds/ETFs,-,24.57,0%,4%,3%,1%,,,,,,
Kotak S&P BSE Sensex ETF,Regular,Index Funds/ETFs,3,24.36,1%,1%,1%,6%,9%,7%,5%,16%,14%,13%
Motilal Oswal Nifty 500 ETF,Regular,Index Funds/ETFs,-,24.06,1%,1%,,,,,,,,
Edelweiss Nifty 50 Index Fund - Regular Plan - Growth,Regular,Index Funds/ETFs,-,21.69,1%,0%,1%,8%,9%,7%,5%,91%,75%,
Edelweiss Nifty 50 Index Fund - Direct Plan - Growth,Direct Plan,Index Funds/ETFs,-,21.69,1%,0%,1%,8%,9%,8%,5%,,,
Kotak S&P BSE Sensex ETF,Regular,Index Funds/ETFs,3,21.38,1%,1%,1%,6%,9%,7%,5%,16%,14%,13%
UTI Bank ETF,Regular,Index Funds/ETFs,-,20.96,1%,0%,0%,1%,4%,5%,8%,16%,,
Kotak Nifty Smallcap 50 Index Fund - Direct Plan - Growth,Direct Plan,Index Funds/ETFs,-,20.91,3%,7%,20%,42%,,,,,,
Kotak Nifty Smallcap 50 Index Fund - Regular Plan - Growth,Regular,Index Funds/ETFs,-,20.91,3%,7%,20%,41%,,,,,,
ICICI Prudential Nifty Commodities ETF,Regular,Index Funds/ETFs,-,20.80,2%,3%,7%,14%,12%,,,,,
ICICI Prudential Nifty50 Equal Weight Index Fund - Direct Plan - Growth,Direct Plan,Index Funds/ETFs,-,20.70,2%,1%,5%,14%,17%,15%,,,,
ICICI Prudential Nifty50 Equal Weight Index Fund - Regular Plan - Growth,Regular,Index Funds/ETFs,-,20.70,2%,1%,5%,14%,16%,14%,,,,
Kotak Nifty Midcap 50 ETF,Regular,Index Funds/ETFs,-,19.85,2%,1%,9%,28%,35%,36%,,,,
HDFC S&P BSE 500 Index Fund - Direct Plan - Growth,Direct Plan,Index Funds/ETFs,-,19.65,1%,1%,4%,13%,,,,,,
HDFC S&P BSE 500 Index Fund - Regular Plan - Growth,Regular,Index Funds/ETFs,-,19.65,1%,1%,4%,12%,,,,,,
Bandhan Nifty 50 ETF,Regular,Index Funds/ETFs,1,19.30,1%,0%,1%,8%,10%,8%,5%,17%,14%,
Motilal Oswal S&P BSE Low Volatility ETF,Regular,Index Funds/ETFs,-,19.21,1%,2%,3%,14%,17%,19%,,,,
Motilal Oswal Nasdaq Q50 ETF,Regular,Index Funds/ETFs,-,18.99,4%,3%,3%,3%,4%,3%,,,,
Bandhan Nifty IT Index Fund - Direct Plan - Growth,Direct Plan,Index Funds/ETFs,-,18.58,2%,1%,,,,,,,,
Bandhan Nifty IT Index Fund - Regular Plan - Growth,Regular,Index Funds/ETFs,-,18.58,2%,1%,,,,,,,,
HDFC Nifty50 Value 20 ETF,Regular,Index Funds/ETFs,-,18.24,2%,0%,4%,12%,16%,15%,,,,
Mirae Asset Nifty 200 Alpha 30 ETF,Regular,Index Funds/ETFs,-,17.48,4%,,,,,,,,,
Motilal Oswal Nifty 200 Momentum 30 ETF,Regular,Index Funds/ETFs,-,17.06,3%,4%,11%,22%,24%,20%,,,,
Navi Nifty India Manufacturing Index Fund - Direct Plan - Growth,Direct Plan,Index Funds/ETFs,-,17.05,2%,1%,3%,17%,21%,18%,,,,
Navi Nifty India Manufacturing Index Fund - Regular Plan - Growth,Regular,Index Funds/ETFs,-,17.05,2%,1%,3%,16%,20%,17%,,,,
Kotak Nifty 100 Low Volatility 30 ETF,Regular,Index Funds/ETFs,-,15.83,1%,2%,3%,12%,17%,16%,,,,
ICICI Prudential Nifty PSU Bank ETF,Regular,Index Funds/ETFs,-,15.58,4%,3%,15%,30%,,,,,,
Edelweiss Nifty Smallcap 250 Index Fund - Direct Plan - Growth,Direct Plan,Index Funds/ETFs,-,15.33,3%,4%,14%,33%,36%,,,,,
Edelweiss Nifty Smallcap 250 Index Fund - Regular Plan - Growth,Regular,Index Funds/ETFs,-,15.33,3%,4%,14%,33%,35%,,,,,
Edelweiss Nifty 100 Quality 30 Index Fund - Regular Plan - Growth,Regular,Index Funds/ETFs,-,15.25,1%,1%,4%,10%,17%,14%,7%,67%,47%,
Edelweiss Nifty 100 Quality 30 Index Fund - Direct Plan - Growth,Direct Plan,Index Funds/ETFs,-,15.25,1%,1%,4%,11%,18%,15%,7%,,,
Aditya Birla Sun Life Nifty 200 Momentum 30 ETF,Regular,Index Funds/ETFs,-,14.22,3%,4%,11%,22%,24%,20%,,,,
ICICI Prudential Nifty 200 Quality 30 ETF,Regular,Index Funds/ETFs,-,13.94,1%,0%,4%,,,,,,,
UTI S&P BSE Housing Index Fund - Direct Plan - Growth,Direct Plan,Index Funds/ETFs,-,13.26,1%,0%,8%,,,,,,,
UTI S&P BSE Housing Index Fund - Regular Plan - Growth,Regular,Index Funds/ETFs,-,13.26,1%,0%,7%,,,,,,,
Mirae Asset Silver ETF,Regular,Index Funds/ETFs,-,12.57,4%,5%,3%,,,,,,,
DSP Nifty PSU Bank ETF,Regular,Index Funds/ETFs,-,12.54,4%,3%,15%,,,,,,,
Aditya Birla Sun Life Nifty 200 Quality 30 ETF,Regular,Index Funds/ETFs,-,12.50,1%,0%,4%,11%,18%,14%,,,,
Aditya Birla Sun Life SENSEX ETF,Regular,Index Funds/ETFs,4,11.64,1%,1%,1%,7%,9%,8%,5%,16%,14%,
ICICI Prudential Nifty PSU Bank ETF,Regular,Index Funds/ETFs,-,11.54,4%,3%,15%,30%,,,,,,
Axis Nifty India Consumption ETF,Regular,Index Funds/ETFs,-,11.46,1%,1%,5%,12%,15%,11%,9%,,,
Mirae Asset S&P BSE Sensex ETF,Regular,Index Funds/ETFs,-,11.16,1%,1%,,,,,,,,
ICICI Prudential Nifty 200 Momentum 30 ETF,Regular,Index Funds/ETFs,-,11.01,3%,4%,11%,22%,24%,20%,,,,
Mirae Asset Nifty IT ETF,Regular,Index Funds/ETFs,-,11.00,2%,,,,,,,,,
HDFC Nifty NEXT 50 ETF,Regular,Index Funds/ETFs,-,10.59,1%,3%,6%,14%,10%,7%,,,,
Motilal Oswal S&P BSE Enhanced Value ETF,Regular,Index Funds/ETFs,-,10.56,4%,6%,17%,33%,38%,47%,,,,
Kotak Nifty Financial Services Ex-Bank Index Fund - Direct Plan - Growth,Direct Plan,Index Funds/ETFs,-,10.42,2%,1%,,,,,,,,
Kotak Nifty Financial Services Ex-Bank Index Fund - Regular Plan - Growth,Regular,Index Funds/ETFs,-,10.42,2%,1%,,,,,,,,
HDFC Nifty NEXT 50 ETF,Regular,Index Funds/ETFs,-,10.38,1%,3%,6%,14%,10%,7%,,,,
SBI S&P BSE Sensex Next 50 ETF,Regular,Index Funds/ETFs,-,10.23,1%,2%,7%,17%,20%,17%,9%,23%,14%,
HDFC Nifty100 Quality 30 ETF,Regular,Index Funds/ETFs,-,9.94,1%,1%,4%,11%,17%,14%,,,,
HDFC Nifty Midcap 150 ETF,Regular,Index Funds/ETFs,-,9.85,2%,2%,9%,26%,,,,,,
HDFC Nifty Midcap 150 ETF,Regular,Index Funds/ETFs,-,9.18,2%,2%,9%,26%,,,,,,
SBI Nifty Consumption ETF,Regular,Index Funds/ETFs,-,9.03,1%,1%,5%,12%,15%,11%,9%,,,
Motilal Oswal S&P BSE Financials ex Bank 30 Index Fund - Direct Plan - Growth,Direct Plan,Index Funds/ETFs,-,8.46,2%,1%,8%,21%,25%,23%,,,,
Motilal Oswal S&P BSE Financials ex Bank 30 Index Fund - Regular Plan - Growth,Regular,Index Funds/ETFs,-,8.46,2%,1%,8%,21%,24%,22%,,,,
HDFC Nifty 100 ETF,Regular,Index Funds/ETFs,-,8.26,1%,0%,2%,9%,9%,6%,,,,
Tata Nifty Private Bank ETF,Regular,Index Funds/ETFs,-,8.21,1%,0%,1%,4%,6%,7%,8%,14%,,
HDFC Nifty 200 Momentum 30 ETF,Regular,Index Funds/ETFs,-,8.17,3%,4%,11%,21%,24%,20%,,,,
Motilal Oswal S&P BSE Healthcare ETF,Regular,Index Funds/ETFs,-,8.14,1%,2%,4%,25%,26%,22%,,,,
HDFC Nifty 100 ETF,Regular,Index Funds/ETFs,-,8.04,1%,0%,2%,9%,9%,6%,,,,
Edelweiss Nifty Next 50 Index Fund - Direct Plan - Growth,Direct Plan,Index Funds/ETFs,-,7.71,1%,3%,6%,13%,10%,,,,,
Edelweiss Nifty Next 50 Index Fund - Regular Plan - Growth,Regular,Index Funds/ETFs,-,7.71,1%,2%,5%,13%,10%,,,,,
HDFC Nifty Growth Sectors 15 ETF,Regular,Index Funds/ETFs,-,7.64,1%,0%,3%,10%,16%,13%,,,,
Motilal Oswal S&P BSE Quality ETF,Regular,Index Funds/ETFs,-,7.59,1%,1%,4%,12%,15%,14%,,,,
HDFC Nifty 200 Momentum 30 ETF,Regular,Index Funds/ETFs,-,7.32,3%,4%,11%,21%,24%,20%,,,,
Motilal Oswal S&P BSE Quality Index Fund - Direct Plan - Growth,Direct Plan,Index Funds/ETFs,-,7.14,1%,1%,4%,12%,15%,14%,,,,
Motilal Oswal S&P BSE Quality Index Fund - Regular Plan - Growth,Regular,Index Funds/ETFs,-,7.14,1%,1%,4%,11%,15%,14%,,,,
UTI S&P BSE Sensex Next 50 ETF,Regular,Index Funds/ETFs,-,7.14,1%,2%,7%,17%,20%,17%,9%,23%,,
HDFC S&P BSE 500 ETF,Regular,Index Funds/ETFs,-,6.72,1%,1%,4%,13%,,,,,,
Kotak S&P BSE Housing Index Fund - Direct Plan - Growth,Direct Plan,Index Funds/ETFs,-,6.54,1%,0%,,,,,,,,
Kotak S&P BSE Housing Index Fund - Regular Plan - Growth,Regular,Index Funds/ETFs,-,6.54,1%,0%,,,,,,,,
DSP S&P BSE Sensex ETF,Regular,Index Funds/ETFs,-,5.97,1%,1%,1%,,,,,,,
UTI S&P BSE Sensex Next 50 ETF,Regular,Index Funds/ETFs,-,5.89,1%,2%,7%,17%,20%,17%,9%,23%,,
Navi S&P BSE Sensex Index Fund - Direct Plan - Growth,Direct Plan,Index Funds/ETFs,-,5.88,1%,1%,,,,,,,,
Navi S&P BSE Sensex Index Fund - Regular Plan - Growth,Regular,Index Funds/ETFs,-,5.88,1%,1%,,,,,,,,
Mirae Asset Nifty 100 Low Volatility 30 ETF,Regular,Index Funds/ETFs,-,5.88,1%,2%,3%,12%,,,,,,
HDFC Nifty100 Low Volatility 30 ETF,Regular,Index Funds/ETFs,-,5.63,1%,2%,3%,12%,17%,15%,,,,
Navi Nifty 50 ETF,Regular,Index Funds/ETFs,-,5.59,1%,0%,,,,,,,,
HDFC Nifty100 Low Volatility 30 ETF,Regular,Index Funds/ETFs,-,5.57,1%,2%,3%,12%,17%,15%,,,,
UTI Nifty Midcap 150 ETF,Regular,Index Funds/ETFs,-,4.18,2%,2%,,,,,,,,
Edelweiss ETF - Nifty 50,Regular,Index Funds/ETFs,-,2.91,1%,0%,1%,8%,9%,7%,5%,91%,75%,
Taurus Nifty 50 Index Fund - Direct Plan - Growth,Direct Plan,Index Funds/ETFs,1,2.80,1%,0%,1%,7%,9%,7%,5%,16%,14%,13%
Taurus Nifty 50 Index Fund - Growth,Regular,Index Funds/ETFs,1,2.80,1%,0%,1%,7%,8%,6%,4%,16%,13%,13%
Bandhan S&P BSE Sensex ETF,Regular,Index Funds/ETFs,-,0.96,1%,1%,1%,6%,9%,7%,5%,16%,14%,
Kotak Nifty India Consumption ETF,Regular,Index Funds/ETFs,-,0.76,1%,1%,5%,12%,15%,11%,,,,
BOI AXA Bluechip Fund - Direct Plan - Growth,Direct Plan,Large Cap Fund,-,0.00,2%,2%,8%,16%,17%,15%,5%,,,
BOI AXA Bluechip Fund - Regular Plan - Growth,Regular,Large Cap Fund,-,0.00,2%,2%,7%,15%,16%,14%,4%,,,
ITI Large Cap Fund - Direct Plan - Growth,Direct Plan,Large Cap Fund,-,0.00,2%,1%,4%,12%,13%,12%,5%,,,
ITI Large Cap Fund - Regular Plan - Growth,Regular,Large Cap Fund,-,0.00,1%,1%,3%,11%,11%,10%,3%,,,
WhiteOak Capital Large Cap Fund - Direct Plan - Growth,Direct Plan,Large Cap Fund,-,0.00,1%,1%,4%,11%,13%,,,,,
WhiteOak Capital Large Cap Fund - Regular Plan - Growth,Regular,Large Cap Fund,-,0.00,1%,1%,3%,10%,12%,,,,,
Mahindra Manulife Small Cap Fund - Direct Plan - Growth,Direct Plan,Small Cap Fund,-,0.00,3%,4%,14%,36%,46%,,,,,
Mahindra Manulife Small Cap Fund - Regular Plan - Growth,Regular,Small Cap Fund,-,0.00,3%,4%,13%,35%,44%,,,,,
ICICI Prudential Smallcap Index Fund - Direct Plan - Growth,Direct Plan,Small Cap Fund,-,0.00,3%,4%,14%,33%,36%,36%,15%,,,
ICICI Prudential Smallcap Index Fund - Regular Plan - Growth,Regular,Small Cap Fund,-,0.00,3%,4%,14%,33%,35%,35%,14%,,,
PGIM India Small Cap Fund - Direct Plan - Growth,Direct Plan,Small Cap Fund,-,0.00,2%,3%,9%,22%,19%,16%,7%,,,
PGIM India Small Cap Fund - Regular Plan - Growth,Regular,Small Cap Fund,-,0.00,2%,3%,8%,21%,17%,14%,6%,,,
Baroda BNP Paribas Small Cap Fund - Direct Plan - Growth,Direct Plan,Small Cap Fund,-,0.00,2%,,,,,,,,,
Baroda BNP Paribas Small Cap Fund - Regular Plan - Growth,Regular,Small Cap Fund,-,0.00,2%,,,,,,,,,
Quantum Small Cap Fund - Direct Plan - Growth,Direct Plan,Small Cap Fund,-,0.00,1%,,,,,,,,,
Quantum Small Cap Fund - Direct Plan - Growth,Direct Plan,Small Cap Fund,-,0.00,1%,,,,,,,,,
Quantum Small Cap Fund - Regular Plan - Growth,Regular,Small Cap Fund,-,0.00,1%,,,,,,,,,
Quantum Small Cap Fund - Regular Plan - Growth,Regular,Small Cap Fund,-,0.00,1%,,,,,,,,,
ICICI Prudential Midcap 150 Index Fund - Direct Plan - Growth,Direct Plan,Mid Cap Fund,-,0.00,2%,2%,9%,26%,30%,30%,,,,
ICICI Prudential Midcap 150 Index Fund - Growth,Regular,Mid Cap Fund,-,0.00,2%,2%,9%,25%,29%,29%,,,,
Canara Robeco Mid Cap Fund - Direct Plan - Growth,Direct Plan,Mid Cap Fund,-,0.00,1%,2%,7%,20%,24%,,,,,
Canara Robeco Mid Cap Fund - Regular Plan - Growth,Regular,Mid Cap Fund,-,0.00,1%,2%,7%,19%,22%,,,,,
360 ONE Flexicap Fund - Direct Plan - Growth,Direct Plan,Flexi Cap Fund,-,0.00,2%,1%,7%,,,,,,,
360 ONE Flexicap Fund - Regular Plan - Growth,Regular,Flexi Cap Fund,-,0.00,2%,1%,7%,,,,,,,
Nippon India Flexi Cap Fund - Direct Plan - Growth,Direct Plan,Flexi Cap Fund,-,0.00,2%,2%,6%,19%,23%,22%,10%,,,
Nippon India Flexi Cap Fund - Regular Plan - Growth,Regular,Flexi Cap Fund,-,0.00,2%,2%,6%,18%,22%,20%,8%,,,
NJ Flexi Cap Fund - Regular Plan - Growth,Regular,Flexi Cap Fund,-,0.00,2%,4%,,,,,,,,
NJ Flexi Cap Fund - Direct Plan - Growth,Direct Plan,Flexi Cap Fund,-,0.00,2%,4%,,,,,,,,
Bajaj Finserv Flexi Cap Fund - Direct Plan - Growth,Direct Plan,Flexi Cap Fund,-,0.00,1%,2%,4%,,,,,,,
Bajaj Finserv Flexi Cap Fund - Regular Plan - Growth,Regular,Flexi Cap Fund,-,0.00,1%,2%,4%,,,,,,,
Mirae Asset Flexi Cap Fund - Direct Plan - Growth,Direct Plan,Flexi Cap Fund,-,0.00,1%,0%,3%,13%,,,,,,
Mirae Asset Flexi Cap Fund - Regular Plan - Growth,Regular,Flexi Cap Fund,-,0.00,1%,0%,3%,12%,,,,,,
Helios Flexi Cap Fund - Regular Plan - Growth,Regular,Flexi Cap Fund,-,0.00,,,,,,,,,,
Helios Flexi Cap Fund - Direct Plan - Growth,Direct Plan,Flexi Cap Fund,-,0.00,,,,,,,,,,
Helios Flexi Cap Fund - Regular Plan - Growth,Regular,Flexi Cap Fund,-,0.00,,,,,,,,,,
Helios Flexi Cap Fund - Direct Plan - Growth,Direct Plan,Flexi Cap Fund,-,0.00,,,,,,,,,,
Mirae Asset NYSE FANG+ ETF - Regular Plan - Growth,Regular,Index Funds/ETFs,-,0.00,4%,8%,9%,29%,84%,74%,7%,,,
Mirae Asset Nifty 200 Alpha 30 ETF,Regular,Index Funds/ETFs,-,0.00,4%,,,,,,,,,
DSP Nifty PSU Bank ETF,Regular,Index Funds/ETFs,-,0.00,4%,3%,15%,,,,,,,
Aditya Birla Sun Life Nifty Smallcap 50 Index Fund - Direct Plan - Growth,Direct Plan,Index Funds/ETFs,-,0.00,4%,7%,19%,41%,47%,47%,9%,,,
Aditya Birla Sun Life Nifty Smallcap 50 Index Fund - Growth,Regular,Index Funds/ETFs,-,0.00,4%,7%,19%,41%,46%,46%,8%,,,
Motilal Oswal Nifty Microcap 250 Index Fund - Direct Plan - Growth,Direct Plan,Index Funds/ETFs,-,0.00,3%,5%,17%,,,,,,,
Motilal Oswal Nifty Microcap 250 Index Fund - Regular Plan - Growth,Regular,Index Funds/ETFs,-,0.00,3%,5%,17%,,,,,,,
Kotak Nifty Smallcap 50 Index Fund - Direct Plan - Growth,Direct Plan,Index Funds/ETFs,-,0.00,3%,7%,20%,42%,,,,,,
Kotak Nifty Smallcap 50 Index Fund - Regular Plan - Growth,Regular,Index Funds/ETFs,-,0.00,3%,7%,20%,41%,,,,,,
Axis Nifty Smallcap 50 Index Fund - Direct Plan - Growth,Direct Plan,Index Funds/ETFs,-,0.00,3%,7%,20%,42%,47%,47%,,,,
Axis Nifty Smallcap 50 Index Fund - Regular Plan - Growth,Regular,Index Funds/ETFs,-,0.00,3%,7%,19%,41%,46%,46%,,,,
Navi NASDAQ 100 Fund of Fund - Direct Plan - Growth,Direct Plan,Index Funds/ETFs,-,0.00,3%,5%,4%,19%,46%,37%,,,,
Navi NASDAQ 100 Fund of Fund - Regular Plan - Growth,Regular,Index Funds/ETFs,-,0.00,3%,5%,4%,19%,46%,37%,,,,
ICICI Prudential NASDAQ 100 Index Fund - Direct Plan - Growth,Direct Plan,Index Funds/ETFs,-,0.00,3%,5%,4%,19%,45%,36%,5%,,,
ICICI Prudential NASDAQ 100 Index Fund - Regular Plan - Growth,Regular,Index Funds/ETFs,-,0.00,3%,5%,4%,19%,45%,35%,4%,,,
HDFC NIFTY 200 MOMENTUM 30 ETF,Regular,Index Funds/ETFs,-,0.00,3%,4%,11%,21%,24%,20%,,,,
UTI Nifty200 Momentum 30 Index Fund - Direct Plan - Growth,Direct Plan,Index Funds/ETFs,-,0.00,3%,4%,11%,22%,24%,20%,7%,,,
UTI Nifty200 Momentum 30 Index Fund - Regular Plan - Growth,Regular,Index Funds/ETFs,-,0.00,3%,4%,11%,22%,24%,20%,6%,,,
SBI Nifty Smallcap 250 Index Fund - Direct Plan - Growth,Direct Plan,Index Funds/ETFs,-,0.00,3%,4%,14%,33%,36%,37%,,,,
SBI Nifty Smallcap 250 Index Fund - Regular Plan - Growth,Regular,Index Funds/ETFs,-,0.00,3%,4%,14%,33%,35%,36%,,,,
HDFC Nifty Smallcap 250 Index Fund - Direct Plan - Growth,Direct Plan,Index Funds/ETFs,-,0.00,3%,4%,14%,33%,,,,,,
HDFC Nifty Smallcap 250 Index Fund - Regular Plan - Growth,Regular,Index Funds/ETFs,-,0.00,3%,4%,14%,32%,,,,,,
Axis Nifty Midcap 50 Index Fund - Direct Plan - Growth,Direct Plan,Index Funds/ETFs,-,0.00,2%,1%,9%,27%,35%,36%,,,,
Axis Nifty Midcap 50 Index Fund - Regular Plan - Growth,Regular,Index Funds/ETFs,-,0.00,2%,1%,8%,27%,34%,35%,,,,
ICICI Prudential Nifty Commodities ETF,Regular,Index Funds/ETFs,-,0.00,2%,3%,7%,14%,12%,,,,,
ICICI Prudential Nifty Financial Services Ex-Bank ETF,Regular,Index Funds/ETFs,-,0.00,2%,1%,10%,22%,26%,,,,,
UTI Nifty Midcap 150 ETF,Regular,Index Funds/ETFs,-,0.00,2%,2%,,,,,,,,
Aditya Birla Sun Life Nifty Midcap 150 Index Fund - Direct Plan - Growth,Direct Plan,Index Funds/ETFs,-,0.00,2%,2%,9%,26%,30%,30%,14%,,,
SBI Nifty Midcap 150 Index Fund - Direct Plan - Growth,Direct Plan,Index Funds/ETFs,-,0.00,2%,2%,9%,26%,30%,30%,,,,
Aditya Birla Sun Life Nifty Midcap 150 Index Fund - Growth,Regular,Index Funds/ETFs,-,0.00,2%,2%,9%,26%,29%,29%,13%,,,
SBI Nifty Midcap 150 Index Fund - Regular Plan - Growth,Regular,Index Funds/ETFs,-,0.00,2%,2%,9%,26%,29%,29%,,,,
HDFC Nifty Midcap 150 Index Fund - Direct Plan - Growth,Direct Plan,Index Funds/ETFs,-,0.00,2%,2%,9%,26%,,,,,,
HDFC Nifty Midcap 150 Index Fund - Regular Plan - Growth,Regular,Index Funds/ETFs,-,0.00,2%,2%,9%,25%,,,,,,
HDFC NIFTY50 Value 20 ETF,Regular,Index Funds/ETFs,-,0.00,2%,0%,4%,12%,16%,15%,,,,
Mirae Asset Nifty IT ETF,Regular,Index Funds/ETFs,-,0.00,2%,,,,,,,,,
Kotak IT ETF,Regular,Index Funds/ETFs,-,0.00,2%,1%,2%,13%,12%,7%,5%,,,
Axis Technology ETF,Regular,Index Funds/ETFs,-,0.00,2%,1%,2%,13%,11%,7%,6%,,,
DSP Nifty IT ETF,Regular,Index Funds/ETFs,-,0.00,2%,1%,2%,,,,,,,
Bandhan Nifty IT Index Fund - Direct Plan - Growth,Direct Plan,Index Funds/ETFs,-,0.00,2%,1%,,,,,,,,
Bandhan Nifty IT Index Fund - Regular Plan - Growth,Regular,Index Funds/ETFs,-,0.00,2%,1%,,,,,,,,
ICICI Prudential Nifty Infrastructure ETF,Regular,Index Funds/ETFs,-,0.00,2%,1%,7%,18%,22%,21%,,,,
Groww Nifty Total Market Index Fund - Direct Plan - Growth,Direct Plan,Index Funds/ETFs,-,0.00,1%,,,,,,,,,
Groww Nifty Total Market Index Fund - Regular Plan - Growth,Regular,Index Funds/ETFs,-,0.00,1%,,,,,,,,,
Motilal Oswal Nifty 500 ETF,Regular,Index Funds/ETFs,-,0.00,1%,1%,,,,,,,,
HDFC S&P BSE 500 Index Fund - Direct Plan - Growth,Direct Plan,Index Funds/ETFs,-,0.00,1%,1%,4%,13%,,,,,,
HDFC S&P BSE 500 Index Fund - Regular Plan - Growth,Regular,Index Funds/ETFs,-,0.00,1%,1%,4%,12%,,,,,,
HDFC NIFTY100 Quality 30 ETF,Regular,Index Funds/ETFs,-,0.00,1%,1%,4%,11%,17%,14%,,,,
DSP Nifty Private Bank ETF,Regular,Index Funds/ETFs,-,0.00,1%,0%,1%,,,,,,,
Mirae Asset Nifty Bank ETF,Regular,Index Funds/ETFs,-,0.00,1%,0%,0%,,,,,,,
ICICI Prudential Nifty Bank Index Fund - Direct Pan - Growth,Direct Plan,Index Funds/ETFs,-,0.00,1%,0%,0%,1%,3%,5%,,,,
HDFC NIFTY 100 Equal Weight Index Fund - Direct Pan - Growth,Direct Plan,Index Funds/ETFs,-,0.00,1%,1%,5%,14%,14%,12%,,,,
ICICI Prudential Nifty Bank Index Fund - Regular Pan - Growth,Regular,Index Funds/ETFs,-,0.00,1%,0%,0%,0%,3%,4%,,,,
HDFC NIFTY 100 Equal Weight Index Fund - Regular Pan - Growth,Regular,Index Funds/ETFs,-,0.00,1%,1%,5%,14%,14%,11%,,,,
Navi Nifty 50 ETF,Regular,Index Funds/ETFs,-,0.00,1%,0%,,,,,,,,
HDFC NIFTY 100 Index Fund - Direct Pan - Growth,Direct Plan,Index Funds/ETFs,-,0.00,1%,0%,2%,9%,9%,6%,,,,
HDFC NIFTY 100 Index Fund - Regular Pan - Growth,Regular,Index Funds/ETFs,-,0.00,1%,0%,2%,8%,8%,6%,,,,
Mirae Asset S&P BSE Sensex ETF,Regular,Index Funds/ETFs,-,0.00,1%,1%,,,,,,,,
DSP S&P BSE Sensex ETF,Regular,Index Funds/ETFs,-,0.00,1%,1%,1%,,,,,,,
Axis S&P BSE Sensex ETF,Regular,Index Funds/ETFs,-,0.00,1%,1%,1%,6%,,,,,,
Navi S&P BSE Sensex Index Fund - Direct Plan - Growth,Direct Plan,Index Funds/ETFs,-,0.00,1%,1%,,,,,,,,
Navi S&P BSE Sensex Index Fund - Regular Plan - Growth,Regular,Index Funds/ETFs,-,0.00,1%,1%,,,,,,,,
ICICI Prudential Nifty 200 Quality 30 ETF,Regular,Index Funds/ETFs,-,0.00,1%,0%,4%,,,,,,,
HDFC NIFTY Growth Sectors 15 ETF,Regular,Index Funds/ETFs,-,0.00,1%,0%,3%,10%,16%,13%,,,,
UTI S&P BSE Housing Index Fund - Direct Plan - Growth,Direct Plan,Index Funds/ETFs,-,0.00,1%,0%,8%,,,,,,,
UTI S&P BSE Housing Index Fund - Regular Plan - Growth,Regular,Index Funds/ETFs,-,0.00,1%,0%,7%,,,,,,,
HDFC NIFTY100 Low Volatility 30 ETF,Regular,Index Funds/ETFs,-,0.00,1%,2%,3%,12%,17%,15%,,,,
Mirae Asset Nifty 100 Low Volatility 30 ETF,Regular,Index Funds/ETFs,-,0.00,1%,2%,3%,12%,,,,,,
ICICI Prudential Nifty 10 yr Benchmark G-sec ETF,Regular,Index Funds/ETFs,-,0.00,0%,1%,1%,2%,6%,,,,,
Nippon India Nifty G-Sec June 2036 Maturity Index Fund - Direct Plan - Growth,Direct Plan,Index Funds/ETFs,-,0.00,0%,1%,1%,1%,7%,,,,,
Nippon India Nifty G-Sec June 2036 Maturity Index Fund - Regular Plan - Growth,Regular,Index Funds/ETFs,-,0.00,0%,1%,1%,1%,7%,,,,,
SBI CRISIL IBX Gilt Index - June 2036 Fund - Direct Plan - Growth,Direct Plan,Index Funds/ETFs,-,0.00,0%,1%,1%,1%,7%,8%,,,,
Invesco India Nifty G-Sec Sep 2032 Index Fund - Direct Plan - Growth,Direct Plan,Index Funds/ETFs,-,0.00,0%,1%,1%,2%,,,,,,
SBI CRISIL IBX Gilt Index - June 2036 Fund - Regular Plan - Growth,Regular,Index Funds/ETFs,-,0.00,0%,1%,1%,1%,7%,8%,,,,
Invesco India Nifty G-Sec Sep 2032 Index Fund - Regular Plan - Growth,Regular,Index Funds/ETFs,-,0.00,0%,1%,1%,2%,,,,,,
IDFC Crisil IBX Gilt April 2032 Index Fund - Direct Plan - Growth,Direct Plan,Index Funds/ETFs,-,0.00,0%,1%,1%,2%,,,,,,
IDFC Crisil IBX Gilt April 2032 Index Fund - Regular Plan - Growth,Regular,Index Funds/ETFs,-,0.00,0%,1%,1%,2%,,,,,,
Aditya Birla Sun Life CRISIL IBX SDL Jun 2032 Index Fund - Direct Plan - Growth,Direct Plan,Index Funds/ETFs,-,0.00,0%,1%,1%,2%,,,,,,
Aditya Birla Sun Life CRISIL IBX SDL Jun 2032 Index Fund - Regular Plan - Growth,Regular,Index Funds/ETFs,-,0.00,0%,1%,1%,2%,,,,,,
Baroda BNP Paribas Nifty SDL December 2028 Index Fund - Direct Plan - Growth,Direct Plan,Index Funds/ETFs,-,0.00,0%,1%,1%,2%,,,,,,
SBI CRISIL IBX SDL Index - September 2027 Fund - Direct Plan - Growth,Direct Plan,Index Funds/ETFs,-,0.00,0%,1%,1%,3%,6%,7%,,,,
UTI CRISIL SDL Maturity April 2033 Index Fund - Direct Plan - Growth,Direct Plan,Index Funds/ETFs,-,0.00,0%,0%,1%,2%,6%,,,,,
SBI CRISIL IBX SDL Index - September 2027 Fund - Regular Plan - Growth,Regular,Index Funds/ETFs,-,0.00,0%,1%,1%,3%,6%,7%,,,,
Mirae Asset Gold ETF,Regular,Index Funds/ETFs,-,0.00,0%,4%,3%,1%,,,,,,
Baroda BNP Paribas Nifty SDL December 2028 Index Fund - Regular Plan - Growth,Regular,Index Funds/ETFs,-,0.00,0%,1%,1%,2%,,,,,,
